06AG006,Oldman River near the Mouth
,
Date,Natural Mean Flows Extended (m3/s)
1912-01-01,26.1
1912-01-08,26.6
1912-01-15,25.8
1912-01-22,26.7
1912-01-29,27.3
1912-02-05,26
1912-02-12,25.6
1912-02-19,25.5
1912-02-26,22.7
1912-03-04,20.5
1912-03-11,20.9
1912-03-18,21.8
1912-03-25,140.1
1912-04-01,115.2
1912-04-08,92.9
1912-04-15,104.7
1912-04-22,102.5
1912-04-29,105.5
1912-05-06,127.7
1912-05-13,237.1
1912-05-20,330.7
1912-05-27,290.4
1912-06-03,211
1912-06-10,219.2
1912-06-17,296.9
1912-06-24,214.3
1912-07-01,210.4
1912-07-08,196.9
1912-07-15,201.3
1912-07-22,200.4
1912-07-29,156.8
1912-08-05,125.5
1912-08-12,93.1
1912-08-19,71.6
1912-08-26,59.2
1912-09-02,56.9
1912-09-09,59.5
1912-09-16,53.5
1912-09-23,52.7
1912-09-30,44.6
1912-10-07,42.1
1912-10-14,43.4
1912-10-21,49.5
1912-10-28,55.8
1912-11-04,49.9
1912-11-11,56.1
1912-11-18,59.3
1912-11-25,42.8
1912-12-02,35.9
1912-12-09,32.7
1912-12-16,30.1
1912-12-23,27
1913-01-01,23.7
1913-01-08,18
1913-01-15,16
1913-01-22,15.3
1913-01-29,13.2
1913-02-05,11.1
1913-02-12,11.2
1913-02-19,13
1913-02-26,12.8
1913-03-05,13.3
1913-03-12,14.3
1913-03-19,13.5
1913-03-26,14.2
1913-04-02,56.9
1913-04-09,151.1
1913-04-16,185.8
1913-04-23,187.6
1913-04-30,144.2
1913-05-07,132.2
1913-05-14,204.5
1913-05-21,314.7
1913-05-28,645.8
1913-06-04,571.2
1913-06-11,486
1913-06-18,328.5
1913-06-25,359.6
1913-07-02,291.2
1913-07-09,201.6
1913-07-16,137
1913-07-23,120.9
1913-07-30,117.4
1913-08-06,122.9
1913-08-13,137.3
1913-08-20,95.5
1913-08-27,83.1
1913-09-03,83.4
1913-09-10,70.5
1913-09-17,54
1913-09-24,51.4
1913-10-01,53.5
1913-10-08,57.2
1913-10-15,70.9
1913-10-22,69.2
1913-10-29,62.5
1913-11-05,56
1913-11-12,50.4
1913-11-19,48.9
1913-11-26,44.3
1913-12-03,34.4
1913-12-10,32.8
1913-12-17,24.6
1913-12-24,13.1
1914-01-01,20
1914-01-08,21.4
1914-01-15,19.9
1914-01-22,18
1914-01-29,17.2
1914-02-05,16.3
1914-02-12,16.1
1914-02-19,17.3
1914-02-26,23.3
1914-03-05,33.2
1914-03-12,41.3
1914-03-19,38.5
1914-03-26,29.4
1914-04-02,48.7
1914-04-09,61.2
1914-04-16,113.2
1914-04-23,152.8
1914-04-30,181.2
1914-05-07,228.3
1914-05-14,291.5
1914-05-21,302.2
1914-05-28,240.6
1914-06-04,301.8
1914-06-11,207.6
1914-06-18,257.7
1914-06-25,200.1
1914-07-02,177.9
1914-07-09,153.6
1914-07-16,123.8
1914-07-23,81.6
1914-07-30,69.8
1914-08-06,61
1914-08-13,50.5
1914-08-20,87.1
1914-08-27,69.2
1914-09-03,52.5
1914-09-10,48.8
1914-09-17,48.4
1914-09-24,69.8
1914-10-01,71.6
1914-10-08,86.4
1914-10-15,165.5
1914-10-22,143.1
1914-10-29,97.5
1914-11-05,107.8
1914-11-12,80.1
1914-11-19,76.9
1914-11-26,70.3
1914-12-03,42
1914-12-10,21.4
1914-12-17,24
1914-12-24,33.1
1915-01-01,35.1
1915-01-08,30
1915-01-15,25.3
1915-01-22,21.6
1915-01-29,19.3
1915-02-05,20.7
1915-02-12,20.9
1915-02-19,20
1915-02-26,19.6
1915-03-05,18.8
1915-03-12,31.1
1915-03-19,140.6
1915-03-26,68.1
1915-04-02,80.1
1915-04-09,71
1915-04-16,105
1915-04-23,132.1
1915-04-30,213.9
1915-05-07,284.4
1915-05-14,378.4
1915-05-21,316.8
1915-05-28,286
1915-06-04,414.1
1915-06-11,383.6
1915-06-18,460.9
1915-06-25,516.3
1915-07-02,387.2
1915-07-09,217.9
1915-07-16,183.4
1915-07-23,195.8
1915-07-30,276.4
1915-08-06,166
1915-08-13,128.1
1915-08-20,154.6
1915-08-27,94.3
1915-09-03,102.7
1915-09-10,95.8
1915-09-17,95
1915-09-24,106.1
1915-10-01,99.6
1915-10-08,119
1915-10-15,108.7
1915-10-22,95
1915-10-29,92
1915-11-05,82.9
1915-11-12,62.1
1915-11-19,47
1915-11-26,34
1915-12-03,31.7
1915-12-10,27
1915-12-17,25.3
1915-12-24,25.9
1916-01-01,24.5
1916-01-08,20.1
1916-01-15,24
1916-01-22,22.9
1916-01-29,19.8
1916-02-05,20.8
1916-02-12,96.4
1916-02-19,192.8
1916-02-26,75.3
1916-03-04,57.1
1916-03-11,184.5
1916-03-18,127.1
1916-03-25,99.3
1916-04-01,99.9
1916-04-08,106.5
1916-04-15,117.2
1916-04-22,103.9
1916-04-29,158
1916-05-06,264.7
1916-05-13,193.9
1916-05-20,212.8
1916-05-27,327.8
1916-06-03,444.3
1916-06-10,488.3
1916-06-17,982.3
1916-06-24,725.4
1916-07-01,736.9
1916-07-08,449.2
1916-07-15,331.7
1916-07-22,212.9
1916-07-29,144.7
1916-08-05,119.5
1916-08-12,129.9
1916-08-19,113.8
1916-08-26,92.1
1916-09-02,145.8
1916-09-09,118.1
1916-09-16,79.7
1916-09-23,67.8
1916-09-30,65.7
1916-10-07,61.4
1916-10-14,55.8
1916-10-21,58.7
1916-10-28,52.3
1916-11-04,48.4
1916-11-11,31.1
1916-11-18,56.8
1916-11-25,49.5
1916-12-02,38.5
1916-12-09,26.7
1916-12-16,67.2
1916-12-23,22.9
1917-01-01,19.6
1917-01-08,19.3
1917-01-15,21.7
1917-01-22,19.5
1917-01-29,18.3
1917-02-05,21.4
1917-02-12,23.5
1917-02-19,20.1
1917-02-26,18.8
1917-03-05,19.7
1917-03-12,21.1
1917-03-19,22.5
1917-03-26,23.4
1917-04-02,59
1917-04-09,200.4
1917-04-16,84.3
1917-04-23,92.6
1917-04-30,91.4
1917-05-07,203.8
1917-05-14,528
1917-05-21,558.6
1917-05-28,805.5
1917-06-04,609.9
1917-06-11,799.9
1917-06-18,653.7
1917-06-25,440.6
1917-07-02,362.9
1917-07-09,293.6
1917-07-16,212.6
1917-07-23,134.8
1917-07-30,93.9
1917-08-06,87.6
1917-08-13,75.7
1917-08-20,63.2
1917-08-27,55.5
1917-09-03,49.2
1917-09-10,49.2
1917-09-17,39.5
1917-09-24,39.6
1917-10-01,36.8
1917-10-08,38.8
1917-10-15,40.7
1917-10-22,37
1917-10-29,32
1917-11-05,32.8
1917-11-12,29.3
1917-11-19,26
1917-11-26,20.5
1917-12-03,7.8
1917-12-10,6.9
1917-12-17,14
1917-12-24,19.8
1918-01-01,79.3
1918-01-08,56.5
1918-01-15,49.2
1918-01-22,44.5
1918-01-29,31
1918-02-05,38.4
1918-02-12,37.6
1918-02-19,22.5
1918-02-26,31.3
1918-03-05,30.3
1918-03-12,30.5
1918-03-19,80.6
1918-03-26,85.1
1918-04-02,45.7
1918-04-09,70.9
1918-04-16,102.6
1918-04-23,125
1918-04-30,190
1918-05-07,283.9
1918-05-14,244.4
1918-05-21,182.9
1918-05-28,150
1918-06-04,218.2
1918-06-11,524.8
1918-06-18,340
1918-06-25,223
1918-07-02,135.8
1918-07-09,110.9
1918-07-16,98.4
1918-07-23,86.1
1918-07-30,74.2
1918-08-06,63.5
1918-08-13,71.9
1918-08-20,60.8
1918-08-27,51
1918-09-03,53.9
1918-09-10,60.2
1918-09-17,47.3
1918-09-24,43.1
1918-10-01,36.8
1918-10-08,31.8
1918-10-15,47.9
1918-10-22,52.2
1918-10-29,40.9
1918-11-05,34.8
1918-11-12,28.6
1918-11-19,19.7
1918-11-26,13.8
1918-12-03,22
1918-12-10,19.4
1918-12-17,17.9
1918-12-24,21.4
1919-01-01,18.8
1919-01-08,17.9
1919-01-15,15.9
1919-01-22,18.1
1919-01-29,16.5
1919-02-05,15.7
1919-02-12,18.5
1919-02-19,14.7
1919-02-26,10.8
1919-03-05,14.8
1919-03-12,14.9
1919-03-19,15.2
1919-03-26,25.8
1919-04-02,83.9
1919-04-09,51.7
1919-04-16,45.3
1919-04-23,71.3
1919-04-30,185.6
1919-05-07,148.9
1919-05-14,150.5
1919-05-21,358.2
1919-05-28,481.8
1919-06-04,272.2
1919-06-11,206
1919-06-18,195.1
1919-06-25,186.1
1919-07-02,124.3
1919-07-09,86.7
1919-07-16,74.1
1919-07-23,56.9
1919-07-30,55.4
1919-08-06,55.6
1919-08-13,44.3
1919-08-20,38.4
1919-08-27,31.3
1919-09-03,29
1919-09-10,29
1919-09-17,26.8
1919-09-24,20.7
1919-10-01,22.5
1919-10-08,20.9
1919-10-15,20.2
1919-10-22,16.6
1919-10-29,20
1919-11-05,18.5
1919-11-12,18.6
1919-11-19,32.9
1919-11-26,17.5
1919-12-03,14.1
1919-12-10,15.3
1919-12-17,20.2
1919-12-24,29.4
1920-01-01,20.6
1920-01-08,19.5
1920-01-15,17.6
1920-01-22,13.5
1920-01-29,23.9
1920-02-05,30.1
1920-02-12,25.9
1920-02-19,23.1
1920-02-26,18.4
1920-03-04,17.1
1920-03-11,51.3
1920-03-18,122.7
1920-03-25,97.6
1920-04-01,39.7
1920-04-08,46.5
1920-04-15,165.4
1920-04-22,160.5
1920-04-29,157.6
1920-05-06,268.2
1920-05-13,371.1
1920-05-20,386.3
1920-05-27,285.8
1920-06-03,279.2
1920-06-10,428.7
1920-06-17,477.6
1920-06-24,366.9
1920-07-01,353.7
1920-07-08,309.5
1920-07-15,257
1920-07-22,193.6
1920-07-29,136.2
1920-08-05,96
1920-08-12,77
1920-08-19,64.9
1920-08-26,52
1920-09-02,44.6
1920-09-09,40.8
1920-09-16,43.4
1920-09-23,50
1920-09-30,50
1920-10-07,56.6
1920-10-14,58.8
1920-10-21,49.9
1920-10-28,40.2
1920-11-04,34.3
1920-11-11,24
1920-11-18,34.5
1920-11-25,33.4
1920-12-02,27.7
1920-12-09,23.4
1920-12-16,18.9
1920-12-23,22.1
1921-01-01,25.4
1921-01-08,19.6
1921-01-15,19.3
1921-01-22,17.2
1921-01-29,14.2
1921-02-05,19
1921-02-12,25
1921-02-19,26.7
1921-02-26,39.3
1921-03-05,45.2
1921-03-12,38.3
1921-03-19,41.8
1921-03-26,50
1921-04-02,65.2
1921-04-09,60.1
1921-04-16,120.1
1921-04-23,136.3
1921-04-30,97.9
1921-05-07,208.4
1921-05-14,244.6
1921-05-21,456.5
1921-05-28,444.3
1921-06-04,473.3
1921-06-11,464.7
1921-06-18,320.7
1921-06-25,300.5
1921-07-02,245.3
1921-07-09,174.9
1921-07-16,131.2
1921-07-23,105.3
1921-07-30,85
1921-08-06,65.1
1921-08-13,56.8
1921-08-20,49.9
1921-08-27,42.5
1921-09-03,34
1921-09-10,37
1921-09-17,34
1921-09-24,33.6
1921-10-01,39.1
1921-10-08,32.8
1921-10-15,48.8
1921-10-22,39.6
1921-10-29,41.3
1921-11-05,43
1921-11-12,33.9
1921-11-19,21.2
1921-11-26,25.5
1921-12-03,28.8
1921-12-10,27.9
1921-12-17,22.7
1921-12-24,17.5
1922-01-01,20.4
1922-01-08,20.9
1922-01-15,18.1
1922-01-22,15.9
1922-01-29,15.8
1922-02-05,14.3
1922-02-12,11.7
1922-02-19,12.8
1922-02-26,12
1922-03-05,12
1922-03-12,16.2
1922-03-19,20.2
1922-03-26,16.9
1922-04-02,32.1
1922-04-09,57.1
1922-04-16,39.2
1922-04-23,112
1922-04-30,175.8
1922-05-07,178.7
1922-05-14,248.6
1922-05-21,427
1922-05-28,425.6
1922-06-04,539.7
1922-06-11,419.5
1922-06-18,351.8
1922-06-25,253.6
1922-07-02,192.7
1922-07-09,206.1
1922-07-16,141.5
1922-07-23,103.5
1922-07-30,75.3
1922-08-06,64.4
1922-08-13,50.8
1922-08-20,44.5
1922-08-27,37.8
1922-09-03,34.5
1922-09-10,34.7
1922-09-17,31.2
1922-09-24,26.2
1922-10-01,22.8
1922-10-08,24.1
1922-10-15,21.5
1922-10-22,18.9
1922-10-29,34.2
1922-11-05,25.8
1922-11-12,24
1922-11-19,23.7
1922-11-26,19.7
1922-12-03,7.6
1922-12-10,10.8
1922-12-17,16
1922-12-24,19.4
1923-01-01,17.9
1923-01-08,17.5
1923-01-15,16.3
1923-01-22,15.7
1923-01-29,12.2
1923-02-05,10.8
1923-02-12,10.9
1923-02-19,12
1923-02-26,18.6
1923-03-05,19
1923-03-12,19.1
1923-03-19,21.1
1923-03-26,31.1
1923-04-02,38.1
1923-04-09,33.1
1923-04-16,61.1
1923-04-23,74.4
1923-04-30,115.9
1923-05-07,158.3
1923-05-14,266.8
1923-05-21,300.1
1923-05-28,828.9
1923-06-04,1042
1923-06-11,619.1
1923-06-18,547.6
1923-06-25,605.6
1923-07-02,369.2
1923-07-09,251
1923-07-16,192.7
1923-07-23,137.3
1923-07-30,114.7
1923-08-06,90.2
1923-08-13,73
1923-08-20,113.7
1923-08-27,86.6
1923-09-03,61.9
1923-09-10,50.7
1923-09-17,45
1923-09-24,38.5
1923-10-01,35
1923-10-08,41.9
1923-10-15,42.4
1923-10-22,36.8
1923-10-29,39.6
1923-11-05,34.4
1923-11-12,31.6
1923-11-19,27
1923-11-26,21.7
1923-12-03,19.4
1923-12-10,17
1923-12-17,18.2
1923-12-24,14.4
1924-01-01,13.3
1924-01-08,12.1
1924-01-15,15.6
1924-01-22,16.3
1924-01-29,17.4
1924-02-05,20.9
1924-02-12,20.9
1924-02-19,21.8
1924-02-26,31.9
1924-03-04,33.8
1924-03-11,25.8
1924-03-18,28.6
1924-03-25,29.7
1924-04-01,36.5
1924-04-08,81.7
1924-04-15,52.9
1924-04-22,38.1
1924-04-29,73.3
1924-05-06,166
1924-05-13,305.3
1924-05-20,282.2
1924-05-27,248.6
1924-06-03,281.2
1924-06-10,466.1
1924-06-17,431.9
1924-06-24,321.2
1924-07-01,252.8
1924-07-08,171.2
1924-07-15,107.3
1924-07-22,74.7
1924-07-29,64.2
1924-08-05,91.4
1924-08-12,112.4
1924-08-19,79.3
1924-08-26,57.9
1924-09-02,45.8
1924-09-09,41.8
1924-09-16,39.9
1924-09-23,35.7
1924-09-30,32.5
1924-10-07,34.7
1924-10-14,30.4
1924-10-21,32.6
1924-10-28,32.4
1924-11-04,27.7
1924-11-11,28.8
1924-11-18,42.9
1924-11-25,28.2
1924-12-02,19.8
1924-12-09,19.9
1924-12-16,26.1
1924-12-23,36.3
1925-01-01,37.1
1925-01-08,34.6
1925-01-15,34.2
1925-01-22,32.1
1925-01-29,30.2
1925-02-05,34.6
1925-02-12,33.8
1925-02-19,30.4
1925-02-26,30.9
1925-03-05,47.8
1925-03-12,38.6
1925-03-19,65.5
1925-03-26,160.4
1925-04-02,121.3
1925-04-09,193.5
1925-04-16,227.8
1925-04-23,215.3
1925-04-30,181.2
1925-05-07,236.2
1925-05-14,379.3
1925-05-21,554.8
1925-05-28,408
1925-06-04,288.7
1925-06-11,345
1925-06-18,382.6
1925-06-25,330
1925-07-02,241.3
1925-07-09,158.9
1925-07-16,116.7
1925-07-23,91.9
1925-07-30,72.9
1925-08-06,60.6
1925-08-13,60.6
1925-08-20,60.8
1925-08-27,49.6
1925-09-03,41.5
1925-09-10,48.2
1925-09-17,55.2
1925-09-24,64.8
1925-10-01,66.7
1925-10-08,60.1
1925-10-15,63.4
1925-10-22,67.3
1925-10-29,48.5
1925-11-05,44.1
1925-11-12,41
1925-11-19,30.9
1925-11-26,26.1
1925-12-03,37.3
1925-12-10,36.3
1925-12-17,31.5
1925-12-24,23.2
1926-01-01,27.7
1926-01-08,22.4
1926-01-15,17.6
1926-01-22,15.8
1926-01-29,19.1
1926-02-05,18.6
1926-02-12,17.4
1926-02-19,16.2
1926-02-26,21.7
1926-03-05,24.9
1926-03-12,24
1926-03-19,21.1
1926-03-26,22.8
1926-04-02,18.1
1926-04-09,25.8
1926-04-16,96.4
1926-04-23,166.5
1926-04-30,164.1
1926-05-07,139
1926-05-14,94.7
1926-05-21,95
1926-05-28,72.1
1926-06-04,64.1
1926-06-11,71.7
1926-06-18,187.8
1926-06-25,204.3
1926-07-02,127.4
1926-07-09,95.3
1926-07-16,65.2
1926-07-23,51.7
1926-07-30,38.5
1926-08-06,35.5
1926-08-13,38.1
1926-08-20,34.3
1926-08-27,31.5
1926-09-03,86.1
1926-09-10,174.1
1926-09-17,132.8
1926-09-24,114.2
1926-10-01,117.3
1926-10-08,154.6
1926-10-15,172.8
1926-10-22,179.3
1926-10-29,115.6
1926-11-05,77.6
1926-11-12,64.9
1926-11-19,35.9
1926-11-26,40.6
1926-12-03,40.8
1926-12-10,41.5
1926-12-17,30.2
1926-12-24,31
1927-01-01,30.7
1927-01-08,27.4
1927-01-15,21.5
1927-01-22,18.8
1927-01-29,22.2
1927-02-05,23.1
1927-02-12,22.5
1927-02-19,20
1927-02-26,23
1927-03-05,27.1
1927-03-12,44
1927-03-19,59.7
1927-03-26,71
1927-04-02,64.3
1927-04-09,40.7
1927-04-16,97.8
1927-04-23,182.8
1927-04-30,275.1
1927-05-07,194.4
1927-05-14,318.1
1927-05-21,645
1927-05-28,872.3
1927-06-04,782
1927-06-11,1048
1927-06-18,719.4
1927-06-25,581.4
1927-07-02,425.4
1927-07-09,332.8
1927-07-16,385.8
1927-07-23,233.3
1927-07-30,179.9
1927-08-06,142.2
1927-08-13,131.6
1927-08-20,189.8
1927-08-27,141
1927-09-03,121.8
1927-09-10,256.1
1927-09-17,338.9
1927-09-24,190.3
1927-10-01,128.8
1927-10-08,144
1927-10-15,174.6
1927-10-22,169
1927-10-29,125.9
1927-11-05,103.2
1927-11-12,41.1
1927-11-19,71.7
1927-11-26,83.8
1927-12-03,60.4
1927-12-10,36.3
1927-12-17,41.4
1927-12-24,39.9
1928-01-01,35.5
1928-01-08,166.9
1928-01-15,138.8
1928-01-22,73.4
1928-01-29,57.5
1928-02-05,46.1
1928-02-12,48.3
1928-02-19,42.2
1928-02-26,40.2
1928-03-04,42.6
1928-03-11,47.3
1928-03-18,236.8
1928-03-25,164.5
1928-04-01,102.2
1928-04-08,82.1
1928-04-15,75.8
1928-04-22,100.2
1928-04-29,222.1
1928-05-06,296.5
1928-05-13,443.2
1928-05-20,511.2
1928-05-27,473.5
1928-06-03,271.7
1928-06-10,309.5
1928-06-17,477.5
1928-06-24,499.8
1928-07-01,826.3
1928-07-08,427.2
1928-07-15,280.4
1928-07-22,198.5
1928-07-29,157.4
1928-08-05,111
1928-08-12,79.4
1928-08-19,66
1928-08-26,101.2
1928-09-02,85.5
1928-09-09,72.7
1928-09-16,64
1928-09-23,56.2
1928-09-30,49.5
1928-10-07,92.1
1928-10-14,143.6
1928-10-21,121.2
1928-10-28,87.2
1928-11-04,73.3
1928-11-11,60.8
1928-11-18,51.3
1928-11-25,40.2
1928-12-02,23.9
1928-12-09,34.5
1928-12-16,29.2
1928-12-23,27.6
1929-01-01,20.3
1929-01-08,21.1
1929-01-15,22.5
1929-01-22,21.3
1929-01-29,17.1
1929-02-05,16.2
1929-02-12,16.5
1929-02-19,18
1929-02-26,22.3
1929-03-05,34.6
1929-03-12,92.3
1929-03-19,70.4
1929-03-26,63.9
1929-04-02,44.4
1929-04-09,39.5
1929-04-16,52.5
1929-04-23,68.9
1929-04-30,146.9
1929-05-07,150.6
1929-05-14,318.6
1929-05-21,451.8
1929-05-28,395.9
1929-06-04,749.9
1929-06-11,457.2
1929-06-18,298.6
1929-06-25,179.7
1929-07-02,153.8
1929-07-09,160.4
1929-07-16,113
1929-07-23,78.6
1929-07-30,60.8
1929-08-06,51.9
1929-08-13,42.2
1929-08-20,34.1
1929-08-27,28.9
1929-09-03,33.8
1929-09-10,32.3
1929-09-17,28.2
1929-09-24,29.9
1929-10-01,28.5
1929-10-08,36.1
1929-10-15,35.2
1929-10-22,27.8
1929-10-29,34
1929-11-05,27
1929-11-12,23.5
1929-11-19,13.4
1929-11-26,19.2
1929-12-03,21.3
1929-12-10,18
1929-12-17,14.6
1929-12-24,22.9
1930-01-01,20.3
1930-01-08,14.3
1930-01-15,14.8
1930-01-22,13.7
1930-01-29,15.1
1930-02-05,26
1930-02-12,36.5
1930-02-19,104.9
1930-02-26,39.6
1930-03-05,38.4
1930-03-12,35.8
1930-03-19,38.6
1930-03-26,65.8
1930-04-02,92.7
1930-04-09,127
1930-04-16,177.6
1930-04-23,220.6
1930-04-30,322.6
1930-05-07,293.2
1930-05-14,247.1
1930-05-21,313.6
1930-05-28,324.7
1930-06-04,358.9
1930-06-11,330.7
1930-06-18,244.9
1930-06-25,244.7
1930-07-02,183.5
1930-07-09,132.5
1930-07-16,120.8
1930-07-23,104.5
1930-07-30,64.6
1930-08-06,50.5
1930-08-13,45.9
1930-08-20,35.5
1930-08-27,29
1930-09-03,24.3
1930-09-10,29
1930-09-17,35.8
1930-09-24,38.2
1930-10-01,33.4
1930-10-08,35.2
1930-10-15,28.4
1930-10-22,32.5
1930-10-29,27.1
1930-11-05,22.9
1930-11-12,15.2
1930-11-19,13.4
1930-11-26,23.7
1930-12-03,24.4
1930-12-10,19.9
1930-12-17,13.5
1930-12-24,14.8
1931-01-01,16
1931-01-08,12.5
1931-01-15,11.6
1931-01-22,14.9
1931-01-29,20.8
1931-02-05,14.6
1931-02-12,13.2
1931-02-19,15.2
1931-02-26,12.6
1931-03-05,8.3
1931-03-12,18.6
1931-03-19,24.6
1931-03-26,14.2
1931-04-02,19.4
1931-04-09,31.2
1931-04-16,29.4
1931-04-23,27.1
1931-04-30,65.5
1931-05-07,148.3
1931-05-14,247.1
1931-05-21,188.1
1931-05-28,200.3
1931-06-04,205.9
1931-06-11,174.4
1931-06-18,145.6
1931-06-25,105.1
1931-07-02,73.4
1931-07-09,66.9
1931-07-16,54.9
1931-07-23,45.2
1931-07-30,54.1
1931-08-06,51.4
1931-08-13,36.4
1931-08-20,29.7
1931-08-27,28.6
1931-09-03,26.8
1931-09-10,31.7
1931-09-17,34
1931-09-24,36.6
1931-10-01,41
1931-10-08,36.6
1931-10-15,28.9
1931-10-22,23.7
1931-10-29,20
1931-11-05,30.1
1931-11-12,39
1931-11-19,36.2
1931-11-26,32.9
1931-12-03,27
1931-12-10,23.2
1931-12-17,24.2
1931-12-24,25
1932-01-01,22.8
1932-01-08,19.1
1932-01-15,25
1932-01-22,19.5
1932-01-29,19
1932-02-05,18.1
1932-02-12,24.1
1932-02-19,32
1932-02-26,100.5
1932-03-04,87.1
1932-03-11,62.3
1932-03-18,61.8
1932-03-25,65.9
1932-04-01,68.7
1932-04-08,65.9
1932-04-15,76.4
1932-04-22,105.3
1932-04-29,105
1932-05-06,226
1932-05-13,378.3
1932-05-20,433.6
1932-05-27,263.7
1932-06-03,561.1
1932-06-10,348.2
1932-06-17,364.7
1932-06-24,290.9
1932-07-01,213.6
1932-07-08,147.1
1932-07-15,96.8
1932-07-22,82.8
1932-07-29,73.3
1932-08-05,53.8
1932-08-12,50
1932-08-19,55
1932-08-26,63.4
1932-09-02,45.9
1932-09-09,39
1932-09-16,31.6
1932-09-23,24.2
1932-09-30,19.9
1932-10-07,24.1
1932-10-14,19.3
1932-10-21,30.1
1932-10-28,33.7
1932-11-04,34.2
1932-11-11,33
1932-11-18,32.1
1932-11-25,33.1
1932-12-02,29.1
1932-12-09,26.2
1932-12-16,28.1
1932-12-23,26.8
1933-01-01,23.7
1933-01-08,22.6
1933-01-15,20
1933-01-22,18
1933-01-29,16.5
1933-02-05,14.9
1933-02-12,12.5
1933-02-19,14.9
1933-02-26,15.4
1933-03-05,17.5
1933-03-12,19.8
1933-03-19,23.1
1933-03-26,41
1933-04-02,62.8
1933-04-09,37.7
1933-04-16,45.3
1933-04-23,88.9
1933-04-30,185.6
1933-05-07,223.6
1933-05-14,250.8
1933-05-21,273
1933-05-28,391.3
1933-06-04,446.8
1933-06-11,410.2
1933-06-18,446.2
1933-06-25,337.6
1933-07-02,286.8
1933-07-09,223.7
1933-07-16,173.4
1933-07-23,115.1
1933-07-30,81.9
1933-08-06,66
1933-08-13,55.2
1933-08-20,51.7
1933-08-27,61.9
1933-09-03,57.8
1933-09-10,46.5
1933-09-17,45.1
1933-09-24,45.7
1933-10-01,45.7
1933-10-08,44.9
1933-10-15,47.9
1933-10-22,46.3
1933-10-29,173.2
1933-11-05,134.2
1933-11-12,102.4
1933-11-19,80.7
1933-11-26,73.4
1933-12-03,61.4
1933-12-10,36.8
1933-12-17,61.2
1933-12-24,60.7
1934-01-01,64.9
1934-01-08,58.3
1934-01-15,61.3
1934-01-22,62.5
1934-01-29,93.9
1934-02-05,108.6
1934-02-12,67.4
1934-02-19,47.2
1934-02-26,39.8
1934-03-05,46.2
1934-03-12,70.3
1934-03-19,71.3
1934-03-26,63.2
1934-04-02,80.7
1934-04-09,176.9
1934-04-16,217.6
1934-04-23,406.7
1934-04-30,369.9
1934-05-07,405.9
1934-05-14,399
1934-05-21,320
1934-05-28,356.5
1934-06-04,505
1934-06-11,494.7
1934-06-18,259.8
1934-06-25,184.9
1934-07-02,155.9
1934-07-09,117.9
1934-07-16,87.7
1934-07-23,71.5
1934-07-30,60.1
1934-08-06,50.4
1934-08-13,43.6
1934-08-20,38.3
1934-08-27,34.3
1934-09-03,34.4
1934-09-10,33.8
1934-09-17,31.8
1934-09-24,35.3
1934-10-01,31.8
1934-10-08,29.6
1934-10-15,39.5
1934-10-22,44.8
1934-10-29,44.7
1934-11-05,103.7
1934-11-12,133.8
1934-11-19,93
1934-11-26,68.1
1934-12-03,47.6
1934-12-10,41.7
1934-12-17,30
1934-12-24,17.6
1935-01-01,31.8
1935-01-08,40
1935-01-15,23.9
1935-01-22,25.6
1935-01-29,102.1
1935-02-05,78.8
1935-02-12,52.1
1935-02-19,50.3
1935-02-26,36.4
1935-03-05,66.7
1935-03-12,68.2
1935-03-19,38.7
1935-03-26,27.5
1935-04-02,24.4
1935-04-09,59
1935-04-16,120.8
1935-04-23,95.6
1935-04-30,102.7
1935-05-07,131.2
1935-05-14,147.4
1935-05-21,340.4
1935-05-28,320.2
1935-06-04,303.5
1935-06-11,302.3
1935-06-18,264.9
1935-06-25,206.1
1935-07-02,168.3
1935-07-09,137.2
1935-07-16,124.3
1935-07-23,120.3
1935-07-30,92
1935-08-06,60.6
1935-08-13,50.7
1935-08-20,39.5
1935-08-27,31.9
1935-09-03,29.5
1935-09-10,30.5
1935-09-17,26.7
1935-09-24,24.8
1935-10-01,23.4
1935-10-08,20.9
1935-10-15,23.1
1935-10-22,27.3
1935-10-29,15.9
1935-11-05,21.4
1935-11-12,23.7
1935-11-19,21.4
1935-11-26,23
1935-12-03,20.6
1935-12-10,16.5
1935-12-17,10.8
1935-12-24,14.9
1936-01-01,13.1
1936-01-08,11.9
1936-01-15,10.7
1936-01-22,9.2
1936-01-29,8.6
1936-02-05,7.4
1936-02-12,6.8
1936-02-19,6.3
1936-02-26,14.9
1936-03-04,112.2
1936-03-11,49.1
1936-03-18,32.2
1936-03-25,18.2
1936-04-01,16.2
1936-04-08,110
1936-04-15,102.8
1936-04-22,148.8
1936-04-29,128.1
1936-05-06,215.2
1936-05-13,315.6
1936-05-20,242.1
1936-05-27,234.2
1936-06-03,293.9
1936-06-10,226.5
1936-06-17,176
1936-06-24,123.2
1936-07-01,92.7
1936-07-08,65.5
1936-07-15,51.4
1936-07-22,41
1936-07-29,33.3
1936-08-05,29.3
1936-08-12,25.6
1936-08-19,27.2
1936-08-26,25.1
1936-09-02,21.7
1936-09-09,24.5
1936-09-16,21
1936-09-23,17.8
1936-09-30,17.5
1936-10-07,16.5
1936-10-14,16.7
1936-10-21,17.3
1936-10-28,20
1936-11-04,12.7
1936-11-11,21.5
1936-11-18,17.6
1936-11-25,14.1
1936-12-02,5.1
1936-12-09,3.7
1936-12-16,7
1936-12-23,6.6
1937-01-01,7.6
1937-01-08,8.9
1937-01-15,9.2
1937-01-22,8.2
1937-01-29,7
1937-02-05,8.4
1937-02-12,9.2
1937-02-19,10.1
1937-02-26,13
1937-03-05,20
1937-03-12,23.6
1937-03-19,22.8
1937-03-26,19
1937-04-02,29.1
1937-04-09,56.7
1937-04-16,57.3
1937-04-23,45.2
1937-04-30,79.4
1937-05-07,165.2
1937-05-14,179
1937-05-21,236.2
1937-05-28,272.5
1937-06-04,270.3
1937-06-11,678.5
1937-06-18,504.3
1937-06-25,282.5
1937-07-02,198
1937-07-09,129.8
1937-07-16,106.9
1937-07-23,70.4
1937-07-30,62
1937-08-06,60.7
1937-08-13,44.9
1937-08-20,34
1937-08-27,29.5
1937-09-03,27.9
1937-09-10,30.9
1937-09-17,25.6
1937-09-24,24
1937-10-01,29.2
1937-10-08,33
1937-10-15,31
1937-10-22,33.7
1937-10-29,39.4
1937-11-05,49.7
1937-11-12,36.9
1937-11-19,34.6
1937-11-26,29.6
1937-12-03,22.9
1937-12-10,20.4
1937-12-17,29.8
1937-12-24,25.3
1938-01-01,28.7
1938-01-08,30.4
1938-01-15,25.6
1938-01-22,24.8
1938-01-29,17.1
1938-02-05,17
1938-02-12,16
1938-02-19,15.7
1938-02-26,39.9
1938-03-05,72.8
1938-03-12,71.9
1938-03-19,42
1938-03-26,32.1
1938-04-02,40.4
1938-04-09,84.8
1938-04-16,126.6
1938-04-23,157.5
1938-04-30,193.1
1938-05-07,191.3
1938-05-14,282.7
1938-05-21,498.7
1938-05-28,679.9
1938-06-04,480
1938-06-11,314.8
1938-06-18,357
1938-06-25,320.8
1938-07-02,269.2
1938-07-09,198
1938-07-16,129.8
1938-07-23,104.5
1938-07-30,77.7
1938-08-06,55
1938-08-13,46.5
1938-08-20,61.4
1938-08-27,41.6
1938-09-03,30.7
1938-09-10,34.8
1938-09-17,30.3
1938-09-24,26.8
1938-10-01,26.3
1938-10-08,28.5
1938-10-15,29.4
1938-10-22,33.8
1938-10-29,30.2
1938-11-05,26.1
1938-11-12,18.6
1938-11-19,23.1
1938-11-26,20.5
1938-12-03,21.5
1938-12-10,19.9
1938-12-17,16.5
1938-12-24,17
1939-01-01,16.5
1939-01-08,17.2
1939-01-15,18.7
1939-01-22,19.9
1939-01-29,19.2
1939-02-05,14.4
1939-02-12,9.7
1939-02-19,9.1
1939-02-26,14.1
1939-03-05,15.7
1939-03-12,17.3
1939-03-19,62.8
1939-03-26,64.2
1939-04-02,51.1
1939-04-09,48.9
1939-04-16,53.3
1939-04-23,126.9
1939-04-30,225.2
1939-05-07,220.3
1939-05-14,210.4
1939-05-21,217.3
1939-05-28,199.1
1939-06-04,174.1
1939-06-11,185.6
1939-06-18,311.6
1939-06-25,219.3
1939-07-02,156.3
1939-07-09,108.1
1939-07-16,82.6
1939-07-23,56.9
1939-07-30,47.2
1939-08-06,41.4
1939-08-13,36.9
1939-08-20,29.5
1939-08-27,26.3
1939-09-03,24.8
1939-09-10,28.6
1939-09-17,25.9
1939-09-24,28.3
1939-10-01,36.1
1939-10-08,33
1939-10-15,28.4
1939-10-22,27.1
1939-10-29,34.1
1939-11-05,27.3
1939-11-12,33.7
1939-11-19,27.6
1939-11-26,25.5
1939-12-03,25.2
1939-12-10,23.1
1939-12-17,31.1
1939-12-24,14.8
1940-01-01,20.8
1940-01-08,19
1940-01-15,16.7
1940-01-22,12.3
1940-01-29,11.2
1940-02-05,13.4
1940-02-12,14.5
1940-02-19,15.1
1940-02-26,15.9
1940-03-04,18.7
1940-03-11,23.9
1940-03-18,70.5
1940-03-25,40.8
1940-04-01,40.4
1940-04-08,34.3
1940-04-15,65.7
1940-04-22,115.3
1940-04-29,127.8
1940-05-06,182.6
1940-05-13,278.3
1940-05-20,253.6
1940-05-27,265.3
1940-06-03,215.6
1940-06-10,191.2
1940-06-17,156.8
1940-06-24,120.8
1940-07-01,82.7
1940-07-08,68.7
1940-07-15,52.9
1940-07-22,44
1940-07-29,101.4
1940-08-05,57.2
1940-08-12,35.7
1940-08-19,28.7
1940-08-26,24.6
1940-09-02,23.1
1940-09-09,42.8
1940-09-16,44.6
1940-09-23,75.2
1940-09-30,73.8
1940-10-07,60.8
1940-10-14,59.4
1940-10-21,52.1
1940-10-28,49.6
1940-11-04,29.9
1940-11-11,29.2
1940-11-18,34.2
1940-11-25,31.9
1940-12-02,31.3
1940-12-09,25.4
1940-12-16,18.3
1940-12-23,24.2
1941-01-01,21.5
1941-01-08,20.8
1941-01-15,20.2
1941-01-22,18.6
1941-01-29,20
1941-02-05,21.7
1941-02-12,20.4
1941-02-19,16.2
1941-02-26,13.8
1941-03-05,16.7
1941-03-12,17.1
1941-03-19,46
1941-03-26,40
1941-04-02,37.5
1941-04-09,44.8
1941-04-16,59.5
1941-04-23,66.3
1941-04-30,116.5
1941-05-07,131.2
1941-05-14,133.3
1941-05-21,139.1
1941-05-28,156.6
1941-06-04,201.5
1941-06-11,144.4
1941-06-18,113.8
1941-06-25,90.1
1941-07-02,153
1941-07-09,95.6
1941-07-16,67.1
1941-07-23,48.3
1941-07-30,40.8
1941-08-06,31.2
1941-08-13,27
1941-08-20,25.6
1941-08-27,41.8
1941-09-03,31.1
1941-09-10,40.7
1941-09-17,58.3
1941-09-24,56.9
1941-10-01,85.9
1941-10-08,82.2
1941-10-15,73.9
1941-10-22,70.9
1941-10-29,62.5
1941-11-05,50.8
1941-11-12,46.5
1941-11-19,40.6
1941-11-26,33.8
1941-12-03,56
1941-12-10,46.6
1941-12-17,50.3
1941-12-24,29.8
1942-01-01,32.5
1942-01-08,33.2
1942-01-15,29.5
1942-01-22,26.8
1942-01-29,24.8
1942-02-05,23
1942-02-12,15.1
1942-02-19,12.2
1942-02-26,14.7
1942-03-05,30.9
1942-03-12,45.5
1942-03-19,29.6
1942-03-26,23.9
1942-04-02,59.7
1942-04-09,49.7
1942-04-16,90.2
1942-04-23,144
1942-04-30,113.3
1942-05-07,308
1942-05-14,627.3
1942-05-21,427.8
1942-05-28,501
1942-06-04,1083
1942-06-11,605.4
1942-06-18,355.5
1942-06-25,591.2
1942-07-02,497.1
1942-07-09,298.6
1942-07-16,194.8
1942-07-23,159.4
1942-07-30,173.6
1942-08-06,136.2
1942-08-13,107.6
1942-08-20,73.5
1942-08-27,68.2
1942-09-03,75
1942-09-10,58.7
1942-09-17,80.6
1942-09-24,111
1942-10-01,90.1
1942-10-08,69.7
1942-10-15,55.5
1942-10-22,47.2
1942-10-29,44.1
1942-11-05,36.1
1942-11-12,37.4
1942-11-19,22.1
1942-11-26,32.8
1942-12-03,30.4
1942-12-10,31.8
1942-12-17,32.5
1942-12-24,27.8
1943-01-01,23.2
1943-01-08,21.4
1943-01-15,19.1
1943-01-22,16.3
1943-01-29,20.3
1943-02-05,23.8
1943-02-12,23.2
1943-02-19,30.4
1943-02-26,27.4
1943-03-05,24.1
1943-03-12,23.4
1943-03-19,29.5
1943-03-26,168
1943-04-02,167.5
1943-04-09,169
1943-04-16,282
1943-04-23,263.6
1943-04-30,214.2
1943-05-07,204.8
1943-05-14,189
1943-05-21,324
1943-05-28,480.5
1943-06-04,377.8
1943-06-11,409.7
1943-06-18,526.2
1943-06-25,390.6
1943-07-02,397.3
1943-07-09,315.4
1943-07-16,203.9
1943-07-23,164.3
1943-07-30,120.6
1943-08-06,93.2
1943-08-13,63.2
1943-08-20,48.7
1943-08-27,41.7
1943-09-03,35.7
1943-09-10,32.1
1943-09-17,28.9
1943-09-24,29.3
1943-10-01,25.7
1943-10-08,27.3
1943-10-15,28.5
1943-10-22,31.1
1943-10-29,26.8
1943-11-05,25.7
1943-11-12,22.8
1943-11-19,19.8
1943-11-26,13.6
1943-12-03,15.9
1943-12-10,14.4
1943-12-17,14.7
1943-12-24,11.5
1944-01-01,9.6
1944-01-08,11.2
1944-01-15,11.6
1944-01-22,12.7
1944-01-29,9.6
1944-02-05,9.7
1944-02-12,9.7
1944-02-19,10.7
1944-02-26,11.8
1944-03-04,11.3
1944-03-11,12.6
1944-03-18,15.1
1944-03-25,15.2
1944-04-01,34.6
1944-04-08,36.5
1944-04-15,26
1944-04-22,23.5
1944-04-29,35.7
1944-05-06,70.5
1944-05-13,91.2
1944-05-20,192.3
1944-05-27,131.4
1944-06-03,153.2
1944-06-10,142.5
1944-06-17,162.3
1944-06-24,142.2
1944-07-01,148.6
1944-07-08,97.4
1944-07-15,64.1
1944-07-22,47.8
1944-07-29,37.7
1944-08-05,32.3
1944-08-12,33.1
1944-08-19,48.3
1944-08-26,38
1944-09-02,33.5
1944-09-09,28
1944-09-16,25.3
1944-09-23,24.7
1944-09-30,28.6
1944-10-07,28.7
1944-10-14,26.7
1944-10-21,28
1944-10-28,24.4
1944-11-04,25.1
1944-11-11,19.9
1944-11-18,18.7
1944-11-25,16.8
1944-12-02,17.3
1944-12-09,16.2
1944-12-16,14.4
1944-12-23,12.8
1945-01-01,13.2
1945-01-08,13.1
1945-01-15,14
1945-01-22,14.9
1945-01-29,14.3
1945-02-05,14.6
1945-02-12,13.8
1945-02-19,12.6
1945-02-26,13.6
1945-03-05,13.8
1945-03-12,24
1945-03-19,29.2
1945-03-26,29.8
1945-04-02,23.1
1945-04-09,20.4
1945-04-16,17.5
1945-04-23,27.6
1945-04-30,48.8
1945-05-07,220
1945-05-14,267.2
1945-05-21,269.9
1945-05-28,406.9
1945-06-04,659.8
1945-06-11,444.9
1945-06-18,366.2
1945-06-25,379.4
1945-07-02,285.7
1945-07-09,200.9
1945-07-16,148.1
1945-07-23,90
1945-07-30,63.8
1945-08-06,47
1945-08-13,44.7
1945-08-20,32
1945-08-27,33.7
1945-09-03,25
1945-09-10,43.9
1945-09-17,46.3
1945-09-24,53.7
1945-10-01,49.6
1945-10-08,49
1945-10-15,46.7
1945-10-22,39.3
1945-10-29,42.2
1945-11-05,54
1945-11-12,45.7
1945-11-19,47.3
1945-11-26,48.7
1945-12-03,40.2
1945-12-10,26.4
1945-12-17,19.9
1945-12-24,22.4
1946-01-01,25
1946-01-08,24.7
1946-01-15,20.5
1946-01-22,17
1946-01-29,13
1946-02-05,14.4
1946-02-12,14.9
1946-02-19,18.4
1946-02-26,24
1946-03-05,29
1946-03-12,32
1946-03-19,34.3
1946-03-26,39.1
1946-04-02,50.9
1946-04-09,36.9
1946-04-16,64.6
1946-04-23,126.3
1946-04-30,178.2
1946-05-07,211.9
1946-05-14,260.2
1946-05-21,287.7
1946-05-28,444.1
1946-06-04,438
1946-06-11,367.2
1946-06-18,293.5
1946-06-25,256.3
1946-07-02,187.7
1946-07-09,180.4
1946-07-16,137.2
1946-07-23,91
1946-07-30,67.6
1946-08-06,53.5
1946-08-13,41.6
1946-08-20,37
1946-08-27,87.2
1946-09-03,56.9
1946-09-10,65.4
1946-09-17,50.6
1946-09-24,41.6
1946-10-01,53.7
1946-10-08,57
1946-10-15,48.5
1946-10-22,56.1
1946-10-29,73.7
1946-11-05,65.9
1946-11-12,48.3
1946-11-19,23.5
1946-11-26,42
1946-12-03,43.1
1946-12-10,39.6
1946-12-17,27.2
1946-12-24,25.6
1947-01-01,25.8
1947-01-08,28.4
1947-01-15,32.2
1947-01-22,30.9
1947-01-29,24.3
1947-02-05,27.2
1947-02-12,74.3
1947-02-19,75.6
1947-02-26,48.7
1947-03-05,49.6
1947-03-12,136.3
1947-03-19,332.8
1947-03-26,120
1947-04-02,97.8
1947-04-09,90.3
1947-04-16,158
1947-04-23,211.8
1947-04-30,372.1
1947-05-07,487.8
1947-05-14,430.7
1947-05-21,282.2
1947-05-28,303.3
1947-06-04,335.8
1947-06-11,380.4
1947-06-18,291.3
1947-06-25,261.3
1947-07-02,221.1
1947-07-09,170.4
1947-07-16,130
1947-07-23,100.8
1947-07-30,72.9
1947-08-06,59.7
1947-08-13,51.2
1947-08-20,83
1947-08-27,85.4
1947-09-03,56.6
1947-09-10,45.3
1947-09-17,58.5
1947-09-24,115.8
1947-10-01,96.5
1947-10-08,99.2
1947-10-15,98
1947-10-22,260.6
1947-10-29,162
1947-11-05,104.2
1947-11-12,76.8
1947-11-19,50.6
1947-11-26,36.2
1947-12-03,29.9
1947-12-10,28.1
1947-12-17,32.2
1947-12-24,34.2
1948-01-01,31.6
1948-01-08,31.2
1948-01-15,31.3
1948-01-22,31.1
1948-01-29,28.7
1948-02-05,24.9
1948-02-12,22.8
1948-02-19,21.6
1948-02-26,18.8
1948-03-04,19.2
1948-03-11,20.1
1948-03-18,47.5
1948-03-25,71
1948-04-01,53.3
1948-04-08,67.9
1948-04-15,355.4
1948-04-22,277.1
1948-04-29,250
1948-05-06,339.1
1948-05-13,340.4
1948-05-20,940.3
1948-05-27,910.7
1948-06-03,797.7
1948-06-10,858.4
1948-06-17,1620
1948-06-24,655.3
1948-07-01,367.9
1948-07-08,213
1948-07-15,147.3
1948-07-22,141.1
1948-07-29,226.4
1948-08-05,160.9
1948-08-12,119.5
1948-08-19,83.3
1948-08-26,65.9
1948-09-02,52.6
1948-09-09,46.9
1948-09-16,42.2
1948-09-23,37.2
1948-09-30,36.2
1948-10-07,35.2
1948-10-14,38.6
1948-10-21,34.1
1948-10-28,31
1948-11-04,26.6
1948-11-11,26.1
1948-11-18,22.1
1948-11-25,17.6
1948-12-02,14.3
1948-12-09,13.1
1948-12-16,13
1948-12-23,13.9
1949-01-01,13.7
1949-01-08,12.5
1949-01-15,12.3
1949-01-22,10.9
1949-01-29,11.7
1949-02-05,11.1
1949-02-12,11.4
1949-02-19,11.7
1949-02-26,15.3
1949-03-05,18.1
1949-03-12,15.9
1949-03-19,16.5
1949-03-26,35.7
1949-04-02,54.3
1949-04-09,82.4
1949-04-16,77.9
1949-04-23,91.8
1949-04-30,120
1949-05-07,123.6
1949-05-14,310.6
1949-05-21,384.8
1949-05-28,410.4
1949-06-04,349.8
1949-06-11,252.5
1949-06-18,187.8
1949-06-25,148.2
1949-07-02,110.5
1949-07-09,101.1
1949-07-16,110
1949-07-23,81.1
1949-07-30,68.4
1949-08-06,56.3
1949-08-13,44.3
1949-08-20,36.8
1949-08-27,35.6
1949-09-03,31.7
1949-09-10,34.2
1949-09-17,45
1949-09-24,51.3
1949-10-01,44
1949-10-08,40.3
1949-10-15,35.1
1949-10-22,37.8
1949-10-29,37.1
1949-11-05,43.5
1949-11-12,41.8
1949-11-19,39.7
1949-11-26,47.4
1949-12-03,68.5
1949-12-10,33.9
1949-12-17,32.1
1949-12-24,28.8
1950-01-01,25.7
1950-01-08,22.2
1950-01-15,20.8
1950-01-22,20.5
1950-01-29,19.3
1950-02-05,20.4
1950-02-12,19.7
1950-02-19,26.9
1950-02-26,34
1950-03-05,43.9
1950-03-12,33.5
1950-03-19,34.2
1950-03-26,40.1
1950-04-02,73.5
1950-04-09,68.8
1950-04-16,138.6
1950-04-23,118.3
1950-04-30,92.5
1950-05-07,120.5
1950-05-14,394.6
1950-05-21,379
1950-05-28,420
1950-06-04,449.5
1950-06-11,480.7
1950-06-18,618.7
1950-06-25,495.6
1950-07-02,454.8
1950-07-09,330.6
1950-07-16,222.2
1950-07-23,166
1950-07-30,138.2
1950-08-06,104.7
1950-08-13,92.3
1950-08-20,73
1950-08-27,67.4
1950-09-03,50.1
1950-09-10,44.1
1950-09-17,36.5
1950-09-24,31.4
1950-10-01,29.9
1950-10-08,33.4
1950-10-15,59.4
1950-10-22,99.4
1950-10-29,103
1950-11-05,106.1
1950-11-12,86.1
1950-11-19,66
1950-11-26,63.3
1950-12-03,42.4
1950-12-10,52.6
1950-12-17,55.4
1950-12-24,60.1
1951-01-01,48.5
1951-01-08,36.6
1951-01-15,37.6
1951-01-22,29.9
1951-01-29,26.5
1951-02-05,31.9
1951-02-12,34.9
1951-02-19,47.4
1951-02-26,34.6
1951-03-05,28
1951-03-12,27.3
1951-03-19,55.8
1951-03-26,171.3
1951-04-02,235
1951-04-09,147.6
1951-04-16,138.6
1951-04-23,135.7
1951-04-30,444.5
1951-05-07,517
1951-05-14,705.7
1951-05-21,594.6
1951-05-28,387.4
1951-06-04,344.3
1951-06-11,624
1951-06-18,564.8
1951-06-25,854.6
1951-07-02,606.9
1951-07-09,550
1951-07-16,412.3
1951-07-23,280.4
1951-07-30,207.3
1951-08-06,165.1
1951-08-13,144.7
1951-08-20,110.5
1951-08-27,283.2
1951-09-03,395.2
1951-09-10,244.7
1951-09-17,174.2
1951-09-24,224.8
1951-10-01,320.2
1951-10-08,268.2
1951-10-15,180.3
1951-10-22,137.1
1951-10-29,124.5
1951-11-05,116.4
1951-11-12,110.6
1951-11-19,74.5
1951-11-26,80.3
1951-12-03,76.9
1951-12-10,52.2
1951-12-17,44.8
1951-12-24,44.3
1952-01-01,45.7
1952-01-08,41.2
1952-01-15,33.7
1952-01-22,31.6
1952-01-29,36.2
1952-02-05,42.7
1952-02-12,47.7
1952-02-19,33
1952-02-26,33.9
1952-03-04,35.2
1952-03-11,35.9
1952-03-18,38.9
1952-03-25,150.9
1952-04-01,214.7
1952-04-08,167
1952-04-15,221.9
1952-04-22,258.9
1952-04-29,330.9
1952-05-06,240.1
1952-05-13,285.3
1952-05-20,345.6
1952-05-27,289.7
1952-06-03,245.1
1952-06-10,293.7
1952-06-17,247.3
1952-06-24,212
1952-07-01,205.7
1952-07-08,155
1952-07-15,143.5
1952-07-22,147.9
1952-07-29,93.6
1952-08-05,91.8
1952-08-12,131.9
1952-08-19,88.8
1952-08-26,63
1952-09-02,64.1
1952-09-09,54.3
1952-09-16,49.4
1952-09-23,39.8
1952-09-30,34.8
1952-10-07,35.1
1952-10-14,34.3
1952-10-21,33.3
1952-10-28,28.5
1952-11-04,25.4
1952-11-11,24
1952-11-18,20.7
1952-11-25,15.3
1952-12-02,17.5
1952-12-09,19.3
1952-12-16,17.6
1952-12-23,13.4
1953-01-01,20.5
1953-01-08,15.1
1953-01-15,15.9
1953-01-22,32.4
1953-01-29,31.9
1953-02-05,31.3
1953-02-12,28.2
1953-02-19,26.1
1953-02-26,25.5
1953-03-05,28
1953-03-12,50
1953-03-19,34.4
1953-03-26,60.3
1953-04-02,83.8
1953-04-09,44.2
1953-04-16,39.9
1953-04-23,196.3
1953-04-30,303.8
1953-05-07,384.3
1953-05-14,287.9
1953-05-21,376.6
1953-05-28,724.1
1953-06-04,1771
1953-06-11,1571
1953-06-18,673.2
1953-06-25,416.6
1953-07-02,389.8
1953-07-09,343.5
1953-07-16,276.9
1953-07-23,192
1953-07-30,141.3
1953-08-06,118.4
1953-08-13,106.5
1953-08-20,80.4
1953-08-27,59.5
1953-09-03,56.6
1953-09-10,53
1953-09-17,45
1953-09-24,42.8
1953-10-01,34.1
1953-10-08,34.3
1953-10-15,31.7
1953-10-22,26.6
1953-10-29,30.3
1953-11-05,33
1953-11-12,32.9
1953-11-19,33.7
1953-11-26,36.1
1953-12-03,23.5
1953-12-10,18.8
1953-12-17,20.8
1953-12-24,19
1954-01-01,19.8
1954-01-08,21.1
1954-01-15,14.7
1954-01-22,11.8
1954-01-29,17.6
1954-02-05,34.9
1954-02-12,32.7
1954-02-19,27.3
1954-02-26,32.4
1954-03-05,37.5
1954-03-12,35.3
1954-03-19,27.7
1954-03-26,22.8
1954-04-02,56
1954-04-09,98.7
1954-04-16,111.3
1954-04-23,81.8
1954-04-30,76.4
1954-05-07,196.2
1954-05-14,483
1954-05-21,764.8
1954-05-28,517.5
1954-06-04,470.1
1954-06-11,434.3
1954-06-18,391.9
1954-06-25,453.7
1954-07-02,443.1
1954-07-09,404.6
1954-07-16,310.5
1954-07-23,209.2
1954-07-30,133.8
1954-08-06,106.1
1954-08-13,93.5
1954-08-20,91
1954-08-27,131.9
1954-09-03,110.9
1954-09-10,83.1
1954-09-17,77.2
1954-09-24,85.6
1954-10-01,84
1954-10-08,72.6
1954-10-15,84.5
1954-10-22,94.1
1954-10-29,97.3
1954-11-05,71.8
1954-11-12,64.6
1954-11-19,57.3
1954-11-26,54
1954-12-03,47.5
1954-12-10,48.2
1954-12-17,40.4
1954-12-24,29.8
1955-01-01,21.5
1955-01-08,21.2
1955-01-15,21.4
1955-01-22,19.2
1955-01-29,21
1955-02-05,18.8
1955-02-12,17.7
1955-02-19,15.4
1955-02-26,12
1955-03-05,16.2
1955-03-12,22.7
1955-03-19,16.5
1955-03-26,31.9
1955-04-02,128
1955-04-09,189.1
1955-04-16,61.4
1955-04-23,72.9
1955-04-30,77.4
1955-05-07,123
1955-05-14,274.1
1955-05-21,595.8
1955-05-28,402.7
1955-06-04,445.1
1955-06-11,559.6
1955-06-18,445.2
1955-06-25,484.2
1955-07-02,296.8
1955-07-09,324
1955-07-16,293.1
1955-07-23,209.8
1955-07-30,143.8
1955-08-06,99.8
1955-08-13,75.8
1955-08-20,53.9
1955-08-27,48.7
1955-09-03,39
1955-09-10,36.1
1955-09-17,30.4
1955-09-24,38.7
1955-10-01,39.2
1955-10-08,40.9
1955-10-15,78.4
1955-10-22,95.4
1955-10-29,111.1
1955-11-05,89.6
1955-11-12,67.2
1955-11-19,56.6
1955-11-26,41.4
1955-12-03,34.7
1955-12-10,28.1
1955-12-17,20.3
1955-12-24,25.5
1956-01-01,25.6
1956-01-08,24.7
1956-01-15,22.8
1956-01-22,21.8
1956-01-29,18.9
1956-02-05,18.5
1956-02-12,16.5
1956-02-19,14.7
1956-02-26,15.8
1956-03-04,17.6
1956-03-11,17.2
1956-03-18,50.4
1956-03-25,77.6
1956-04-01,68.2
1956-04-08,70.1
1956-04-15,84.1
1956-04-22,134.7
1956-04-29,109.1
1956-05-06,112.4
1956-05-13,235.1
1956-05-20,699.1
1956-05-27,636.8
1956-06-03,545.9
1956-06-10,355.5
1956-06-17,359.7
1956-06-24,261.6
1956-07-01,309.6
1956-07-08,251.3
1956-07-15,224.5
1956-07-22,165.2
1956-07-29,115.5
1956-08-05,94.9
1956-08-12,77.7
1956-08-19,62.3
1956-08-26,59.4
1956-09-02,44.4
1956-09-09,37.9
1956-09-16,40.6
1956-09-23,42.8
1956-09-30,34.6
1956-10-07,40.8
1956-10-14,37.2
1956-10-21,42.5
1956-10-28,40.5
1956-11-04,30.7
1956-11-11,30.3
1956-11-18,27.2
1956-11-25,33.1
1956-12-02,30.5
1956-12-09,15.8
1956-12-16,25.5
1956-12-23,26.6
1957-01-01,19
1957-01-08,16.5
1957-01-15,17.4
1957-01-22,18.6
1957-01-29,16.8
1957-02-05,17.9
1957-02-12,20
1957-02-19,20.6
1957-02-26,46.8
1957-03-05,57.2
1957-03-12,52.2
1957-03-19,54.6
1957-03-26,53
1957-04-02,47
1957-04-09,33.4
1957-04-16,38.9
1957-04-23,67.4
1957-04-30,211.4
1957-05-07,488.8
1957-05-14,505.2
1957-05-21,528.3
1957-05-28,417.7
1957-06-04,429.2
1957-06-11,379.5
1957-06-18,257.4
1957-06-25,192.3
1957-07-02,140
1957-07-09,103.5
1957-07-16,87.2
1957-07-23,67.5
1957-07-30,53.1
1957-08-06,42.7
1957-08-13,41.8
1957-08-20,37.8
1957-08-27,35.1
1957-09-03,29.5
1957-09-10,29
1957-09-17,31
1957-09-24,35
1957-10-01,31.4
1957-10-08,38.3
1957-10-15,41.9
1957-10-22,45.9
1957-10-29,72.9
1957-11-05,65.6
1957-11-12,52.4
1957-11-19,35.9
1957-11-26,30.9
1957-12-03,31.3
1957-12-10,29.6
1957-12-17,22.3
1957-12-24,17.6
1958-01-01,16.8
1958-01-08,21.5
1958-01-15,17.3
1958-01-22,17.7
1958-01-29,16.5
1958-02-05,13.7
1958-02-12,12.4
1958-02-19,21.1
1958-02-26,34
1958-03-05,30.4
1958-03-12,23.4
1958-03-19,22.4
1958-03-26,66.7
1958-04-02,198.2
1958-04-09,162.3
1958-04-16,133.6
1958-04-23,86.1
1958-04-30,112.9
1958-05-07,313.4
1958-05-14,472.5
1958-05-21,451.7
1958-05-28,412.7
1958-06-04,363.4
1958-06-11,393
1958-06-18,318.6
1958-06-25,235.2
1958-07-02,181.3
1958-07-09,207.9
1958-07-16,172.2
1958-07-23,131.9
1958-07-30,110.8
1958-08-06,75.5
1958-08-13,60.5
1958-08-20,54
1958-08-27,47.3
1958-09-03,38.8
1958-09-10,33.1
1958-09-17,38.8
1958-09-24,57.2
1958-10-01,43.4
1958-10-08,39.9
1958-10-15,43.6
1958-10-22,53.9
1958-10-29,46.4
1958-11-05,45.2
1958-11-12,40.5
1958-11-19,30.1
1958-11-26,26.8
1958-12-03,40.8
1958-12-10,39.7
1958-12-17,38.3
1958-12-24,29.4
1959-01-01,26.5
1959-01-08,27.9
1959-01-15,31.2
1959-01-22,32.2
1959-01-29,29.3
1959-02-05,27.4
1959-02-12,23.7
1959-02-19,28.4
1959-02-26,20.7
1959-03-05,29.6
1959-03-12,58.6
1959-03-19,92.7
1959-03-26,87.4
1959-04-02,92
1959-04-09,100.7
1959-04-16,122.7
1959-04-23,127.9
1959-04-30,234.5
1959-05-07,246.3
1959-05-14,322.1
1959-05-21,432.3
1959-05-28,396.4
1959-06-04,588.2
1959-06-11,475.7
1959-06-18,484.5
1959-06-25,461.6
1959-07-02,317.5
1959-07-09,225.2
1959-07-16,206.2
1959-07-23,161.9
1959-07-30,116.3
1959-08-06,83.3
1959-08-13,63.4
1959-08-20,66.3
1959-08-27,63.8
1959-09-03,60.8
1959-09-10,107.9
1959-09-17,115.9
1959-09-24,88.1
1959-10-01,87.9
1959-10-08,80.8
1959-10-15,97.6
1959-10-22,113
1959-10-29,145.1
1959-11-05,93.9
1959-11-12,55.1
1959-11-19,56
1959-11-26,78.7
1959-12-03,72.9
1959-12-10,53.9
1959-12-17,59
1959-12-24,47.4
1960-01-01,22.6
1960-01-08,34.2
1960-01-15,36.5
1960-01-22,32.3
1960-01-29,25.4
1960-02-05,28.9
1960-02-12,29.6
1960-02-19,20.6
1960-02-26,18.3
1960-03-04,17.6
1960-03-11,20
1960-03-18,180.9
1960-03-25,173.3
1960-04-01,145.3
1960-04-08,144.1
1960-04-15,113.9
1960-04-22,90.8
1960-04-29,99.4
1960-05-06,197.9
1960-05-13,361.6
1960-05-20,229.8
1960-05-27,199.6
1960-06-03,413.8
1960-06-10,339.1
1960-06-17,300.3
1960-06-24,225.5
1960-07-01,206.1
1960-07-08,161.7
1960-07-15,124.2
1960-07-22,97.3
1960-07-29,70.2
1960-08-05,91.2
1960-08-12,63
1960-08-19,44.4
1960-08-26,37
1960-09-02,32.7
1960-09-09,33.8
1960-09-16,28.9
1960-09-23,28.1
1960-09-30,25.1
1960-10-07,23.6
1960-10-14,26.5
1960-10-21,22
1960-10-28,26.9
1960-11-04,27.5
1960-11-11,20
1960-11-18,19.4
1960-11-25,15.6
1960-12-02,20.8
1960-12-09,19.3
1960-12-16,20.5
1960-12-23,17.5
1961-01-01,13.2
1961-01-08,16.9
1961-01-15,16.7
1961-01-22,13.3
1961-01-29,11.8
1961-02-05,18.3
1961-02-12,19.8
1961-02-19,20.1
1961-02-26,27.6
1961-03-05,23.8
1961-03-12,24.5
1961-03-19,30.5
1961-03-26,27.9
1961-04-02,34.1
1961-04-09,43.7
1961-04-16,42
1961-04-23,49.6
1961-04-30,55.4
1961-05-07,126.3
1961-05-14,231.4
1961-05-21,465
1961-05-28,670.7
1961-06-04,555.1
1961-06-11,398.2
1961-06-18,362
1961-06-25,241.7
1961-07-02,156.7
1961-07-09,123.4
1961-07-16,105.8
1961-07-23,88.6
1961-07-30,75.3
1961-08-06,53.2
1961-08-13,50.4
1961-08-20,43
1961-08-27,36.8
1961-09-03,39.7
1961-09-10,32.4
1961-09-17,33.9
1961-09-24,42.6
1961-10-01,40.7
1961-10-08,55
1961-10-15,79.8
1961-10-22,96.8
1961-10-29,73.2
1961-11-05,58.8
1961-11-12,47.6
1961-11-19,22.4
1961-11-26,23.2
1961-12-03,21
1961-12-10,17.4
1961-12-17,13.1
1961-12-24,14.8
1962-01-01,14.5
1962-01-08,16.3
1962-01-15,19.5
1962-01-22,22.3
1962-01-29,41.8
1962-02-05,41.9
1962-02-12,43.1
1962-02-19,27.8
1962-02-26,20.5
1962-03-05,19
1962-03-12,25.1
1962-03-19,110.4
1962-03-26,107.9
1962-04-02,117.5
1962-04-09,89.4
1962-04-16,134.7
1962-04-23,217.4
1962-04-30,165
1962-05-07,132.5
1962-05-14,190.3
1962-05-21,307.6
1962-05-28,309.2
1962-06-04,252.4
1962-06-11,304.7
1962-06-18,323
1962-06-25,232.9
1962-07-02,164
1962-07-09,121.3
1962-07-16,101.4
1962-07-23,74.6
1962-07-30,75.1
1962-08-06,69.4
1962-08-13,54.2
1962-08-20,39.1
1962-08-27,35.4
1962-09-03,37.6
1962-09-10,37.5
1962-09-17,36.1
1962-09-24,30.6
1962-10-01,28.8
1962-10-08,27.3
1962-10-15,43.7
1962-10-22,46.1
1962-10-29,44.7
1962-11-05,38.6
1962-11-12,23.8
1962-11-19,27.9
1962-11-26,34.6
1962-12-03,34.2
1962-12-10,32.9
1962-12-17,38.8
1962-12-24,20.4
1963-01-01,25
1963-01-08,28.2
1963-01-15,19.3
1963-01-22,18.4
1963-01-29,19.5
1963-02-05,40.8
1963-02-12,42.5
1963-02-19,36.3
1963-02-26,34.8
1963-03-05,25.2
1963-03-12,25.3
1963-03-19,25.4
1963-03-26,24.4
1963-04-02,26.3
1963-04-09,28.7
1963-04-16,40.4
1963-04-23,49.8
1963-04-30,79.9
1963-05-07,126.4
1963-05-14,144.5
1963-05-21,223.2
1963-05-28,329.8
1963-06-04,367.9
1963-06-11,455.8
1963-06-18,351.5
1963-06-25,396
1963-07-02,620.6
1963-07-09,331.7
1963-07-16,189.6
1963-07-23,125.3
1963-07-30,93.6
1963-08-06,69.4
1963-08-13,59.7
1963-08-20,47.2
1963-08-27,51.9
1963-09-03,37.8
1963-09-10,36.5
1963-09-17,46.9
1963-09-24,42.6
1963-10-01,37.7
1963-10-08,35.2
1963-10-15,29.2
1963-10-22,24.2
1963-10-29,34.6
1963-11-05,36.8
1963-11-12,31.7
1963-11-19,15
1963-11-26,33.3
1963-12-03,40.4
1963-12-10,14.9
1963-12-17,25.7
1963-12-24,30.7
1964-01-01,28.7
1964-01-08,18.1
1964-01-15,16.5
1964-01-22,16.5
1964-01-29,16.9
1964-02-05,19.4
1964-02-12,20.8
1964-02-19,18.5
1964-02-26,17.6
1964-03-04,15.8
1964-03-11,15.9
1964-03-18,19.8
1964-03-25,14.9
1964-04-01,42.2
1964-04-08,46.6
1964-04-15,45.8
1964-04-22,49.9
1964-04-29,170.6
1964-05-06,387.2
1964-05-13,331.1
1964-05-20,502.9
1964-05-27,317.8
1964-06-03,611
1964-06-10,1361
1964-06-17,610
1964-06-24,481
1964-07-01,370
1964-07-08,288.9
1964-07-15,183.5
1964-07-22,123.8
1964-07-29,89.2
1964-08-05,67.6
1964-08-12,51.9
1964-08-19,47.1
1964-08-26,40.9
1964-09-02,49.4
1964-09-09,53.8
1964-09-16,44.5
1964-09-23,45.5
1964-09-30,52.8
1964-10-07,69.9
1964-10-14,72.4
1964-10-21,66.1
1964-10-28,53.5
1964-11-04,51.3
1964-11-11,43.6
1964-11-18,31.9
1964-11-25,21
1964-12-02,8.4
1964-12-09,11
1964-12-16,15
1964-12-23,19.7
1965-01-01,19.8
1965-01-08,19.6
1965-01-15,22.3
1965-01-22,24.2
1965-01-29,23.5
1965-02-05,29.4
1965-02-12,29.5
1965-02-19,51.4
1965-02-26,55.9
1965-03-05,47.5
1965-03-12,36.3
1965-03-19,14.7
1965-03-26,11.9
1965-04-02,91.4
1965-04-09,103.2
1965-04-16,87.7
1965-04-23,126.1
1965-04-30,221.2
1965-05-07,148.6
1965-05-14,250.2
1965-05-21,238.2
1965-05-28,332.8
1965-06-04,427.2
1965-06-11,465.5
1965-06-18,771.1
1965-06-25,509.7
1965-07-02,374
1965-07-09,358.9
1965-07-16,221.3
1965-07-23,165.4
1965-07-30,117.7
1965-08-06,122.4
1965-08-13,87.5
1965-08-20,70.2
1965-08-27,76.1
1965-09-03,63.1
1965-09-10,62.8
1965-09-17,75.5
1965-09-24,120
1965-10-01,95.3
1965-10-08,107.4
1965-10-15,84.8
1965-10-22,69.3
1965-10-29,59.8
1965-11-05,50.4
1965-11-12,39.8
1965-11-19,50.8
1965-11-26,39.7
1965-12-03,61.2
1965-12-10,46.5
1965-12-17,20.9
1965-12-24,18.6
1966-01-01,23.8
1966-01-08,29.9
1966-01-15,25.6
1966-01-22,21.5
1966-01-29,21.7
1966-02-05,19.4
1966-02-12,16.7
1966-02-19,16.9
1966-02-26,18.3
1966-03-05,26.6
1966-03-12,62
1966-03-19,61.1
1966-03-26,104
1966-04-02,124.3
1966-04-09,131.5
1966-04-16,131.1
1966-04-23,129.1
1966-04-30,112.8
1966-05-07,326.5
1966-05-14,310
1966-05-21,244
1966-05-28,468.5
1966-06-04,603.8
1966-06-11,446.4
1966-06-18,317.7
1966-06-25,265.4
1966-07-02,269.8
1966-07-09,211.3
1966-07-16,174.3
1966-07-23,127.5
1966-07-30,89.3
1966-08-06,77.2
1966-08-13,58.6
1966-08-20,74.1
1966-08-27,79.9
1966-09-03,63.8
1966-09-10,47.4
1966-09-17,41.7
1966-09-24,40.9
1966-10-01,38.9
1966-10-08,34.7
1966-10-15,39
1966-10-22,37
1966-10-29,41.9
1966-11-05,40.1
1966-11-12,32.3
1966-11-19,63.7
1966-11-26,42.4
1966-12-03,18.5
1966-12-10,26
1966-12-17,31.7
1966-12-24,22.2
1967-01-01,16.1
1967-01-08,17.3
1967-01-15,18.3
1967-01-22,18.6
1967-01-29,21.9
1967-02-05,24.9
1967-02-12,23.4
1967-02-19,22.9
1967-02-26,47.4
1967-03-05,44
1967-03-12,23.4
1967-03-19,83.3
1967-03-26,121.3
1967-04-02,101.6
1967-04-09,64.2
1967-04-16,56
1967-04-23,53.2
1967-04-30,71.6
1967-05-07,352.6
1967-05-14,428.5
1967-05-21,777.6
1967-05-28,806
1967-06-04,855
1967-06-11,740.4
1967-06-18,727.1
1967-06-25,538.4
1967-07-02,435.3
1967-07-09,302.1
1967-07-16,222.2
1967-07-23,152.4
1967-07-30,117.3
1967-08-06,103.3
1967-08-13,71.3
1967-08-20,63.9
1967-08-27,49.9
1967-09-03,41.4
1967-09-10,36
1967-09-17,34.3
1967-09-24,26.8
1967-10-01,27.2
1967-10-08,25.2
1967-10-15,27.9
1967-10-22,32.5
1967-10-29,34.7
1967-11-05,43
1967-11-12,45
1967-11-19,50.3
1967-11-26,20.8
1967-12-03,24.6
1967-12-10,15.9
1967-12-17,17.1
1967-12-24,16.9
1968-01-01,17.7
1968-01-08,16.6
1968-01-15,21.2
1968-01-22,41.8
1968-01-29,32.5
1968-02-05,38.7
1968-02-12,30
1968-02-19,23.5
1968-02-26,40
1968-03-04,63.3
1968-03-11,55.4
1968-03-18,51.2
1968-03-25,45.4
1968-04-01,45.6
1968-04-08,39.5
1968-04-15,42.9
1968-04-22,46.2
1968-04-29,70
1968-05-06,129.8
1968-05-13,153.3
1968-05-20,332.2
1968-05-27,391.1
1968-06-03,415.2
1968-06-10,439.3
1968-06-17,303.2
1968-06-24,271.8
1968-07-01,240.8
1968-07-08,207.1
1968-07-15,158.9
1968-07-22,114.6
1968-07-29,99.7
1968-08-05,77.4
1968-08-12,68.1
1968-08-19,101.2
1968-08-26,75.8
1968-09-02,68
1968-09-09,61.7
1968-09-16,75
1968-09-23,223.3
1968-09-30,215.4
1968-10-07,134.2
1968-10-14,106.3
1968-10-21,81.5
1968-10-28,76
1968-11-04,42.3
1968-11-11,41.3
1968-11-18,59.7
1968-11-25,50.3
1968-12-02,36.9
1968-12-09,23.4
1968-12-16,25.7
1968-12-23,24.5
1969-01-01,31.4
1969-01-08,33.4
1969-01-15,29.6
1969-01-22,31.7
1969-01-29,30.1
1969-02-05,26.3
1969-02-12,26.4
1969-02-19,26.6
1969-02-26,25.3
1969-03-05,27
1969-03-12,30
1969-03-19,192.2
1969-03-26,206.9
1969-04-02,194.8
1969-04-09,206.5
1969-04-16,179.7
1969-04-23,218.9
1969-04-30,207.9
1969-05-07,221
1969-05-14,371.1
1969-05-21,283.6
1969-05-28,364.7
1969-06-04,431.1
1969-06-11,351.7
1969-06-18,260.5
1969-06-25,739.1
1969-07-02,542.5
1969-07-09,285.6
1969-07-16,192.6
1969-07-23,127.3
1969-07-30,98.8
1969-08-06,70.7
1969-08-13,48.3
1969-08-20,43.1
1969-08-27,32.1
1969-09-03,34.8
1969-09-10,31.7
1969-09-17,29.6
1969-09-24,31.5
1969-10-01,39.4
1969-10-08,45.6
1969-10-15,39.9
1969-10-22,35.9
1969-10-29,38.6
1969-11-05,39.4
1969-11-12,27.1
1969-11-19,27.6
1969-11-26,26.3
1969-12-03,20.1
1969-12-10,12.4
1969-12-17,17.2
1969-12-24,17.9
1970-01-01,12.8
1970-01-08,15.4
1970-01-15,14
1970-01-22,18
1970-01-29,16.5
1970-02-05,17.8
1970-02-12,18
1970-02-19,23.6
1970-02-26,19.1
1970-03-05,20.1
1970-03-12,24.1
1970-03-19,35
1970-03-26,33.5
1970-04-02,37.8
1970-04-09,55
1970-04-16,36.9
1970-04-23,35.7
1970-04-30,47.5
1970-05-07,209.3
1970-05-14,290.2
1970-05-21,437
1970-05-28,447.8
1970-06-04,487.7
1970-06-11,609.4
1970-06-18,564.5
1970-06-25,339.9
1970-07-02,221.2
1970-07-09,145.2
1970-07-16,106.5
1970-07-23,87
1970-07-30,77.9
1970-08-06,64
1970-08-13,47.3
1970-08-20,39
1970-08-27,29.9
1970-09-03,25.8
1970-09-10,35.3
1970-09-17,37.7
1970-09-24,29
1970-10-01,43.4
1970-10-08,34.3
1970-10-15,37.3
1970-10-22,32.4
1970-10-29,27.6
1970-11-05,26.5
1970-11-12,25
1970-11-19,17.6
1970-11-26,12.2
1970-12-03,23
1970-12-10,25.7
1970-12-17,22.3
1970-12-24,23.6
1971-01-01,15.8
1971-01-08,14.8
1971-01-15,15.7
1971-01-22,20.3
1971-01-29,26.3
1971-02-05,29.4
1971-02-12,116.9
1971-02-19,88.3
1971-02-26,40.1
1971-03-05,33.2
1971-03-12,51.1
1971-03-19,45.3
1971-03-26,44.7
1971-04-02,93.2
1971-04-09,72.8
1971-04-16,54
1971-04-23,129.6
1971-04-30,186.1
1971-05-07,388.1
1971-05-14,396.6
1971-05-21,306.9
1971-05-28,535.9
1971-06-04,521.8
1971-06-11,442.2
1971-06-18,294.5
1971-06-25,326.6
1971-07-02,240.5
1971-07-09,193.6
1971-07-16,182.2
1971-07-23,162.1
1971-07-30,136.1
1971-08-06,106
1971-08-13,81.6
1971-08-20,58.4
1971-08-27,49.2
1971-09-03,53.1
1971-09-10,38
1971-09-17,36.6
1971-09-24,37.5
1971-10-01,41.1
1971-10-08,42.9
1971-10-15,46.8
1971-10-22,44.7
1971-10-29,30.2
1971-11-05,28.8
1971-11-12,50.8
1971-11-19,40.1
1971-11-26,19.8
1971-12-03,17.4
1971-12-10,9.7
1971-12-17,16.8
1971-12-24,26.5
1972-01-01,21.7
1972-01-08,13.1
1972-01-15,13.6
1972-01-22,14.2
1972-01-29,15.1
1972-02-05,16.2
1972-02-12,18.5
1972-02-19,17.6
1972-02-26,19.4
1972-03-04,29.6
1972-03-11,236.2
1972-03-18,239.8
1972-03-25,136.1
1972-04-01,116.1
1972-04-08,165.9
1972-04-15,107.1
1972-04-22,103.9
1972-04-29,182.2
1972-05-06,198.3
1972-05-13,442.5
1972-05-20,650.3
1972-05-27,707
1972-06-03,840.7
1972-06-10,706.6
1972-06-17,413.8
1972-06-24,313.8
1972-07-01,278.5
1972-07-08,232.4
1972-07-15,266
1972-07-22,288.4
1972-07-29,212.4
1972-08-05,173.9
1972-08-12,129.6
1972-08-19,102.7
1972-08-26,111
1972-09-02,79
1972-09-09,82.3
1972-09-16,70.4
1972-09-23,74.1
1972-09-30,70.4
1972-10-07,60.8
1972-10-14,70.3
1972-10-21,63.3
1972-10-28,57.3
1972-11-04,53.5
1972-11-11,47.5
1972-11-18,32.4
1972-11-25,30.2
1972-12-02,16.9
1972-12-09,18.9
1972-12-16,26.8
1972-12-23,33.1
1973-01-01,27.1
1973-01-08,19.6
1973-01-15,25.3
1973-01-22,27.8
1973-01-29,26.9
1973-02-05,28.2
1973-02-12,24.1
1973-02-19,25.7
1973-02-26,42.8
1973-03-05,47.6
1973-03-12,39.1
1973-03-19,40.7
1973-03-26,37.3
1973-04-02,34.8
1973-04-09,41.6
1973-04-16,55
1973-04-23,62.7
1973-04-30,84.7
1973-05-07,115
1973-05-14,229
1973-05-21,377.1
1973-05-28,275.9
1973-06-04,270.4
1973-06-11,348.4
1973-06-18,233.6
1973-06-25,207.2
1973-07-02,159.1
1973-07-09,109.5
1973-07-16,78.6
1973-07-23,69.4
1973-07-30,53.3
1973-08-06,51.9
1973-08-13,46.1
1973-08-20,33.7
1973-08-27,30.5
1973-09-03,38.1
1973-09-10,29.3
1973-09-17,27.2
1973-09-24,29.8
1973-10-01,27.7
1973-10-08,24.9
1973-10-15,22.3
1973-10-22,25
1973-10-29,26.3
1973-11-05,17
1973-11-12,55.6
1973-11-19,54.3
1973-11-26,39.5
1973-12-03,33
1973-12-10,32.6
1973-12-17,26.1
1973-12-24,25.4
1974-01-01,17.5
1974-01-08,14.5
1974-01-15,26.5
1974-01-22,49.8
1974-01-29,42.5
1974-02-05,44.1
1974-02-12,35.9
1974-02-19,30.1
1974-02-26,23.5
1974-03-05,27.9
1974-03-12,37.1
1974-03-19,67.5
1974-03-26,89.6
1974-04-02,94
1974-04-09,72.5
1974-04-16,72.1
1974-04-23,147.5
1974-04-30,324.4
1974-05-07,376.6
1974-05-14,265.2
1974-05-21,251.3
1974-05-28,434.9
1974-06-04,504.5
1974-06-11,567.9
1974-06-18,750.2
1974-06-25,535.7
1974-07-02,356.1
1974-07-09,271.5
1974-07-16,219
1974-07-23,181.8
1974-07-30,127.8
1974-08-06,100.9
1974-08-13,124
1974-08-20,83.8
1974-08-27,64.2
1974-09-03,58
1974-09-10,53.3
1974-09-17,47
1974-09-24,45
1974-10-01,42.4
1974-10-08,35.8
1974-10-15,32.6
1974-10-22,31
1974-10-29,28.5
1974-11-05,25.4
1974-11-12,23.6
1974-11-19,22.9
1974-11-26,14.9
1974-12-03,23.4
1974-12-10,16.8
1974-12-17,12.4
1974-12-24,15
1975-01-01,16.8
1975-01-08,22.1
1975-01-15,12.4
1975-01-22,10.9
1975-01-29,12.7
1975-02-05,13.2
1975-02-12,13.6
1975-02-19,10.3
1975-02-26,14.9
1975-03-05,19.2
1975-03-12,18
1975-03-19,21.2
1975-03-26,21.3
1975-04-02,18.6
1975-04-09,9
1975-04-16,76.4
1975-04-23,220.9
1975-04-30,184.6
1975-05-07,310.8
1975-05-14,481.6
1975-05-21,397.8
1975-05-28,346.8
1975-06-04,598.8
1975-06-11,480.3
1975-06-18,1345
1975-06-25,670.1
1975-07-02,421
1975-07-09,474
1975-07-16,271.2
1975-07-23,158.8
1975-07-30,156.9
1975-08-06,113.8
1975-08-13,79.9
1975-08-20,83.2
1975-08-27,97.1
1975-09-03,86.4
1975-09-10,63.1
1975-09-17,57.2
1975-09-24,51.4
1975-10-01,47.7
1975-10-08,66.3
1975-10-15,66.8
1975-10-22,64.6
1975-10-29,59.3
1975-11-05,76.6
1975-11-12,70.7
1975-11-19,24.4
1975-11-26,30.5
1975-12-03,70.6
1975-12-10,88.1
1975-12-17,57.7
1975-12-24,51.6
1976-01-01,28.8
1976-01-08,32.1
1976-01-15,64
1976-01-22,76.8
1976-01-29,54.3
1976-02-05,39
1976-02-12,33.1
1976-02-19,31.8
1976-02-26,30.3
1976-03-04,25
1976-03-11,35
1976-03-18,84.8
1976-03-25,65.6
1976-04-01,49.8
1976-04-08,88.7
1976-04-15,141.8
1976-04-22,103.9
1976-04-29,110.1
1976-05-06,326
1976-05-13,449.3
1976-05-20,314.6
1976-05-27,296.8
1976-06-03,205.1
1976-06-10,214.8
1976-06-17,250.3
1976-06-24,262.4
1976-07-01,202.1
1976-07-08,219.7
1976-07-15,183
1976-07-22,138.6
1976-07-29,105.8
1976-08-05,268.9
1976-08-12,236.8
1976-08-19,151.3
1976-08-26,112.7
1976-09-02,83.2
1976-09-09,70.4
1976-09-16,56.9
1976-09-23,49.3
1976-09-30,42
1976-10-07,43
1976-10-14,33.4
1976-10-21,35.4
1976-10-28,30
1976-11-04,26.3
1976-11-11,26.7
1976-11-18,29.6
1976-11-25,19
1976-12-02,20.3
1976-12-09,20.3
1976-12-16,30.9
1976-12-23,20
1977-01-01,13.5
1977-01-08,18.8
1977-01-15,24.1
1977-01-22,22.3
1977-01-29,16.5
1977-02-05,22.5
1977-02-12,25.9
1977-02-19,25.3
1977-02-26,18.9
1977-03-05,20.1
1977-03-12,17.6
1977-03-19,17.4
1977-03-26,19.8
1977-04-02,28.6
1977-04-09,50
1977-04-16,40.7
1977-04-23,46.4
1977-04-30,104.4
1977-05-07,125.8
1977-05-14,147.3
1977-05-21,118.9
1977-05-28,108.8
1977-06-04,121.2
1977-06-11,145.2
1977-06-18,104.9
1977-06-25,78.5
1977-07-02,63.5
1977-07-09,49.7
1977-07-16,42
1977-07-23,39.4
1977-07-30,46.2
1977-08-06,41
1977-08-13,45.9
1977-08-20,59
1977-08-27,59.2
1977-09-03,67
1977-09-10,69
1977-09-17,62.2
1977-09-24,49.7
1977-10-01,44.8
1977-10-08,40
1977-10-15,34
1977-10-22,30.6
1977-10-29,28.5
1977-11-05,29.6
1977-11-12,32.2
1977-11-19,15.4
1977-11-26,19.7
1977-12-03,25.9
1977-12-10,22.3
1977-12-17,26.3
1977-12-24,18.6
1978-01-01,15.4
1978-01-08,17.2
1978-01-15,18.3
1978-01-22,15.4
1978-01-29,14.4
1978-02-05,13.4
1978-02-12,11.9
1978-02-19,11.8
1978-02-26,14.2
1978-03-05,19.1
1978-03-12,45.6
1978-03-19,168
1978-03-26,153
1978-04-02,83.9
1978-04-09,66
1978-04-16,70.6
1978-04-23,79.8
1978-04-30,168.7
1978-05-07,227.5
1978-05-14,311.6
1978-05-21,379.9
1978-05-28,304
1978-06-04,449
1978-06-11,425
1978-06-18,296.4
1978-06-25,303.7
1978-07-02,293.1
1978-07-09,257
1978-07-16,229.8
1978-07-23,201.3
1978-07-30,127.4
1978-08-06,101.2
1978-08-13,75.3
1978-08-20,100
1978-08-27,96.8
1978-09-03,72.4
1978-09-10,94.5
1978-09-17,103.7
1978-09-24,85.4
1978-10-01,73.6
1978-10-08,55.1
1978-10-15,40.4
1978-10-22,29.8
1978-10-29,31.6
1978-11-05,32.2
1978-11-12,17.8
1978-11-19,26.4
1978-11-26,31.5
1978-12-03,24.5
1978-12-10,26.9
1978-12-17,26.7
1978-12-24,22.5
1979-01-01,13.7
1979-01-08,12.7
1979-01-15,13
1979-01-22,10.5
1979-01-29,9.1
1979-02-05,9.9
1979-02-12,9.5
1979-02-19,11.9
1979-02-26,11.1
1979-03-05,93
1979-03-12,150.1
1979-03-19,85.1
1979-03-26,58.8
1979-04-02,40.8
1979-04-09,95.7
1979-04-16,88.7
1979-04-23,94.3
1979-04-30,171.2
1979-05-07,229.4
1979-05-14,283.7
1979-05-21,429.5
1979-05-28,479.7
1979-06-04,387.1
1979-06-11,310.9
1979-06-18,248
1979-06-25,192.8
1979-07-02,164.2
1979-07-09,131.4
1979-07-16,95
1979-07-23,75.8
1979-07-30,63.5
1979-08-06,47.6
1979-08-13,38.9
1979-08-20,44.2
1979-08-27,52.8
1979-09-03,41.7
1979-09-10,33.3
1979-09-17,32.3
1979-09-24,26.3
1979-10-01,22.4
1979-10-08,22.4
1979-10-15,14.8
1979-10-22,20
1979-10-29,19.7
1979-11-05,18.6
1979-11-12,14.7
1979-11-19,11.6
1979-11-26,6.5
1979-12-03,11.6
1979-12-10,15
1979-12-17,23.7
1979-12-24,28
1980-01-01,14
1980-01-08,6.2
1980-01-15,6.4
1980-01-22,7.9
1980-01-29,11.4
1980-02-05,12.1
1980-02-12,15.9
1980-02-19,15.9
1980-02-26,21.5
1980-03-04,25.9
1980-03-11,22.1
1980-03-18,27.4
1980-03-25,29.1
1980-04-01,32.6
1980-04-08,38.6
1980-04-15,62.8
1980-04-22,162.5
1980-04-29,321.1
1980-05-06,309.4
1980-05-13,185.1
1980-05-20,266.2
1980-05-27,562.4
1980-06-03,366.9
1980-06-10,324.6
1980-06-17,321.4
1980-06-24,195.5
1980-07-01,132
1980-07-08,95.5
1980-07-15,82.3
1980-07-22,72.9
1980-07-29,54
1980-08-05,45.2
1980-08-12,51.7
1980-08-19,56.4
1980-08-26,54.3
1980-09-02,44
1980-09-09,41.5
1980-09-16,70
1980-09-23,89.7
1980-09-30,66.2
1980-10-07,50
1980-10-14,45.6
1980-10-21,47.4
1980-10-28,48.7
1980-11-04,37.1
1980-11-11,51.2
1980-11-18,48
1980-11-25,30.8
1980-12-02,20.7
1980-12-09,32.7
1980-12-16,30.6
1980-12-23,47.3
1981-01-01,81.7
1981-01-08,63.6
1981-01-15,50.7
1981-01-22,49.7
1981-01-29,35.8
1981-02-05,40
1981-02-12,37.5
1981-02-19,79.7
1981-02-26,52.3
1981-03-05,36.2
1981-03-12,31.9
1981-03-19,38.3
1981-03-26,48.5
1981-04-02,55
1981-04-09,40.4
1981-04-16,41.6
1981-04-23,107.7
1981-04-30,209.5
1981-05-07,256
1981-05-14,406.5
1981-05-21,912.3
1981-05-28,645
1981-06-04,408.2
1981-06-11,443.3
1981-06-18,372.5
1981-06-25,291.9
1981-07-02,266.1
1981-07-09,196.6
1981-07-16,148
1981-07-23,149.2
1981-07-30,122.8
1981-08-06,99.4
1981-08-13,87.5
1981-08-20,64.5
1981-08-27,47.9
1981-09-03,42.9
1981-09-10,36.5
1981-09-17,29.5
1981-09-24,23.1
1981-10-01,28.8
1981-10-08,27.7
1981-10-15,25.9
1981-10-22,28.8
1981-10-29,29
1981-11-05,23.9
1981-11-12,18.1
1981-11-19,20.7
1981-11-26,8.1
1981-12-03,10.8
1981-12-10,14.1
1981-12-17,15.9
1981-12-24,11.8
1982-01-01,6.4
1982-01-08,4.2
1982-01-15,6
1982-01-22,4.2
1982-01-29,5.2
1982-02-05,5.1
1982-02-12,11.4
1982-02-19,15.1
1982-02-26,19.3
1982-03-05,21.7
1982-03-12,26.9
1982-03-19,23.5
1982-03-26,24.2
1982-04-02,21.5
1982-04-09,49.4
1982-04-16,94.3
1982-04-23,56.3
1982-04-30,65.9
1982-05-07,91.3
1982-05-14,139
1982-05-21,290.9
1982-05-28,347
1982-06-04,331.8
1982-06-11,398.2
1982-06-18,462.3
1982-06-25,394.6
1982-07-02,350.7
1982-07-09,197
1982-07-16,169.3
1982-07-23,121
1982-07-30,93.4
1982-08-06,71.8
1982-08-13,62.1
1982-08-20,48.7
1982-08-27,44.8
1982-09-03,38.6
1982-09-10,31.8
1982-09-17,36.4
1982-09-24,30
1982-10-01,45.5
1982-10-08,38.4
1982-10-15,38
1982-10-22,39.1
1982-10-29,41
1982-11-05,29.7
1982-11-12,16.7
1982-11-19,13.6
1982-11-26,16.5
1982-12-03,17.5
1982-12-10,18
1982-12-17,19.7
1982-12-24,16.1
1983-01-01,16.5
1983-01-08,19.5
1983-01-15,21.5
1983-01-22,13.7
1983-01-29,16.8
1983-02-05,15.8
1983-02-12,20
1983-02-19,23.6
1983-02-26,24.4
1983-03-05,23.4
1983-03-12,39.9
1983-03-19,29
1983-03-26,26.1
1983-04-02,27.4
1983-04-09,25.1
1983-04-16,29
1983-04-23,80.4
1983-04-30,101.3
1983-05-07,109.1
1983-05-14,119.8
1983-05-21,209.2
1983-05-28,380
1983-06-04,277.8
1983-06-11,254.1
1983-06-18,182
1983-06-25,140.4
1983-07-02,137.9
1983-07-09,138.5
1983-07-16,153.3
1983-07-23,115.7
1983-07-30,78.9
1983-08-06,62.4
1983-08-13,55.7
1983-08-20,43.2
1983-08-27,37.1
1983-09-03,30.7
1983-09-10,28.3
1983-09-17,24.2
1983-09-24,20.6
1983-10-01,22.5
1983-10-08,20.3
1983-10-15,19.7
1983-10-22,18.9
1983-10-29,17.3
1983-11-05,29.4
1983-11-12,42.9
1983-11-19,34.7
1983-11-26,22.4
1983-12-03,14.9
1983-12-10,11
1983-12-17,9.6
1983-12-24,11.3
1984-01-01,15.8
1984-01-08,22.6
1984-01-15,15.9
1984-01-22,29.1
1984-01-29,35.5
1984-02-05,34.8
1984-02-12,29
1984-02-19,25.6
1984-02-26,27.8
1984-03-04,23
1984-03-11,16
1984-03-18,22.9
1984-03-25,24.3
1984-04-01,22.4
1984-04-08,23.5
1984-04-15,25.4
1984-04-22,84
1984-04-29,74
1984-05-06,57.5
1984-05-13,95.1
1984-05-20,182.9
1984-05-27,183.1
1984-06-03,225.3
1984-06-10,200.5
1984-06-17,235.5
1984-06-24,258.9
1984-07-01,195.6
1984-07-08,129.7
1984-07-15,93.5
1984-07-22,70.6
1984-07-29,66.6
1984-08-05,62.8
1984-08-12,46.6
1984-08-19,37.8
1984-08-26,27.7
1984-09-02,22.8
1984-09-09,24.9
1984-09-16,27.1
1984-09-23,37.9
1984-09-30,44.3
1984-10-07,43.6
1984-10-14,40
1984-10-21,41.5
1984-10-28,29.3
1984-11-04,40.1
1984-11-11,38.8
1984-11-18,37.3
1984-11-25,26.3
1984-12-02,16.7
1984-12-09,19.3
1984-12-16,15
1984-12-23,11.6
1985-01-01,13.4
1985-01-08,12.5
1985-01-15,13.6
1985-01-22,11.3
1985-01-29,8.6
1985-02-05,7.4
1985-02-12,10.4
1985-02-19,13
1985-02-26,14.4
1985-03-05,15
1985-03-12,19.5
1985-03-19,28.8
1985-03-26,26.9
1985-04-02,31.8
1985-04-09,35.2
1985-04-16,82.9
1985-04-23,84.5
1985-04-30,135.9
1985-05-07,189
1985-05-14,146.3
1985-05-21,292.1
1985-05-28,307.5
1985-06-04,261.3
1985-06-11,282.2
1985-06-18,197.3
1985-06-25,135.2
1985-07-02,101.2
1985-07-09,86.3
1985-07-16,64.8
1985-07-23,51.4
1985-07-30,38.3
1985-08-06,28.5
1985-08-13,41.5
1985-08-20,65.5
1985-08-27,50
1985-09-03,46
1985-09-10,109.8
1985-09-17,138.6
1985-09-24,116
1985-10-01,98.1
1985-10-08,90.1
1985-10-15,100
1985-10-22,130
1985-10-29,149.3
1985-11-05,117.1
1985-11-12,50.7
1985-11-19,30.4
1985-11-26,36.9
1985-12-03,47.4
1985-12-10,39.8
1985-12-17,36.9
1985-12-24,31.4
1986-01-01,25.1
1986-01-08,29
1986-01-15,33.1
1986-01-22,37.7
1986-01-29,37.4
1986-02-05,33.1
1986-02-12,26.6
1986-02-19,48.6
1986-02-26,310.2
1986-03-05,124.1
1986-03-12,94.3
1986-03-19,73.7
1986-03-26,69.6
1986-04-02,94.4
1986-04-09,93.6
1986-04-16,93.1
1986-04-23,163.3
1986-04-30,143.7
1986-05-07,195.3
1986-05-14,168.1
1986-05-21,298.8
1986-05-28,554.2
1986-06-04,441.9
1986-06-11,271.8
1986-06-18,197.9
1986-06-25,134.5
1986-07-02,116.1
1986-07-09,89.2
1986-07-16,69.5
1986-07-23,53.5
1986-07-30,44.8
1986-08-06,38.5
1986-08-13,35.9
1986-08-20,24.8
1986-08-27,21
1986-09-03,25.5
1986-09-10,41.6
1986-09-17,51.7
1986-09-24,65.9
1986-10-01,72.9
1986-10-08,95.4
1986-10-15,98.6
1986-10-22,69.6
1986-10-29,62.4
1986-11-05,51.6
1986-11-12,25.1
1986-11-19,43.5
1986-11-26,58.9
1986-12-03,33.8
1986-12-10,24.5
1986-12-17,30.1
1986-12-24,30.4
1987-01-01,23.1
1987-01-08,22.9
1987-01-15,20.2
1987-01-22,26.1
1987-01-29,20.9
1987-02-05,31
1987-02-12,33.3
1987-02-19,26.8
1987-02-26,20.9
1987-03-05,45.8
1987-03-12,45.9
1987-03-19,47.7
1987-03-26,39.3
1987-04-02,69.3
1987-04-09,97.5
1987-04-16,109.7
1987-04-23,135.9
1987-04-30,302.8
1987-05-07,283.1
1987-05-14,305
1987-05-21,173.5
1987-05-28,211.4
1987-06-04,172.6
1987-06-11,160.1
1987-06-18,145.6
1987-06-25,104.4
1987-07-02,86.4
1987-07-09,68.3
1987-07-16,89.3
1987-07-23,291.3
1987-07-30,131.3
1987-08-06,82.7
1987-08-13,88.7
1987-08-20,83.9
1987-08-27,91.5
1987-09-03,74.8
1987-09-10,56.2
1987-09-17,37.4
1987-09-24,34.3
1987-10-01,44.5
1987-10-08,29.3
1987-10-15,22
1987-10-22,19.5
1987-10-29,20.2
1987-11-05,18
1987-11-12,17
1987-11-19,19.7
1987-11-26,19.1
1987-12-03,18.4
1987-12-10,12.3
1987-12-17,9.8
1987-12-24,14.7
1988-01-01,9.7
1988-01-08,7.4
1988-01-15,10.5
1988-01-22,11
1988-01-29,9
1988-02-05,9.5
1988-02-12,15.4
1988-02-19,20.6
1988-02-26,24.7
1988-03-04,23.4
1988-03-11,20.9
1988-03-18,18.2
1988-03-25,23.9
1988-04-01,25.4
1988-04-08,38
1988-04-15,73
1988-04-22,123.3
1988-04-29,104
1988-05-06,118.7
1988-05-13,238.3
1988-05-20,212.6
1988-05-27,221.8
1988-06-03,216.4
1988-06-10,236.3
1988-06-17,158.1
1988-06-24,130.8
1988-07-01,102.1
1988-07-08,73.3
1988-07-15,48.9
1988-07-22,34.3
1988-07-29,26.8
1988-08-05,29
1988-08-12,25.4
1988-08-19,26.9
1988-08-26,19.5
1988-09-02,13.8
1988-09-09,17.7
1988-09-16,16.4
1988-09-23,18
1988-09-30,25.8
1988-10-07,29.4
1988-10-14,32
1988-10-21,56.8
1988-10-28,50.8
1988-11-04,41.3
1988-11-11,42.7
1988-11-18,42.4
1988-11-25,30.5
1988-12-02,30.7
1988-12-09,26
1988-12-16,21.2
1988-12-23,12.7
1989-01-01,13.11571
1989-01-08,17.15571
1989-01-15,17.81571
1989-01-22,16.74
1989-01-29,14.41
1989-02-05,11.35857
1989-02-12,13.32143
1989-02-19,13.80714
1989-02-26,12.73814
1989-03-05,12.87743
1989-03-12,26.45714
1989-03-19,32.94286
1989-03-26,55.04286
1989-04-02,63.89
1989-04-09,50.75
1989-04-16,72.17143
1989-04-23,155.5571
1989-04-30,149.6571
1989-05-07,330.0286
1989-05-14,282.1
1989-05-21,193.7571
1989-05-28,186.2714
1989-06-04,360.7143
1989-06-11,518
1989-06-18,300.6143
1989-06-25,207.0143
1989-07-02,165.9429
1989-07-09,127.5429
1989-07-16,166.4
1989-07-23,114.5
1989-07-30,81.21429
1989-08-06,60.32857
1989-08-13,53.65714
1989-08-20,42.28571
1989-08-27,113.8
1989-09-03,106.2714
1989-09-10,99.47143
1989-09-17,85.15714
1989-09-24,61.482
1989-10-01,48.47586
1989-10-08,42.8
1989-10-15,48.77143
1989-10-22,58.11429
1989-10-29,62.79514
1989-11-05,56.28614
1989-11-12,184.9429
1989-11-19,132.8943
1989-11-26,94.52714
1989-12-03,74.673
1989-12-10,42.84571
1989-12-17,28.99771
1989-12-24,52.80838
1990-01-01,27.44386
1990-01-08,22.636
1990-01-15,24.88571
1990-01-22,31.32
1990-01-29,17.78957
1990-02-05,23.82429
1990-02-12,29.03971
1990-02-19,27.17286
1990-02-26,52.35857
1990-03-05,59.49414
1990-03-12,47.24871
1990-03-19,44.811
1990-03-26,42.09229
1990-04-02,67.79429
1990-04-09,83.85714
1990-04-16,108.4571
1990-04-23,218.7714
1990-04-30,196.3429
1990-05-07,283.1
1990-05-14,217.5143
1990-05-21,294
1990-05-28,658.0429
1990-06-04,452.3286
1990-06-11,362.0571
1990-06-18,324.5143
1990-06-25,373.5714
1990-07-02,275.7714
1990-07-09,204.8857
1990-07-16,156.4571
1990-07-23,165.0857
1990-07-30,165.1429
1990-08-06,105.8143
1990-08-13,76.62857
1990-08-20,77.38571
1990-08-27,65.97143
1990-09-03,49.52857
1990-09-10,34.68
1990-09-17,35.07143
1990-09-24,30.72
1990-10-01,24.56286
1990-10-08,80.17143
1990-10-15,69.78571
1990-10-22,48.81857
1990-10-29,51.93714
1990-11-05,61.2
1990-11-12,120.1
1990-11-19,67.13571
1990-11-26,29.197
1990-12-03,46.95714
1990-12-10,42.65714
1990-12-17,18.08986
1990-12-24,15.18525
1991-01-01,20.60286
1991-01-08,25.79857
1991-01-15,31.65857
1991-01-22,25.23943
1991-01-29,23.81586
1991-02-05,42.75429
1991-02-12,44.99571
1991-02-19,41.20857
1991-02-26,30.72614
1991-03-05,30.72943
1991-03-12,34.47971
1991-03-19,46.79629
1991-03-26,37.307
1991-04-02,55.75714
1991-04-09,95.08571
1991-04-16,79.08571
1991-04-23,135.4571
1991-04-30,150.6143
1991-05-07,143.4143
1991-05-14,381.4714
1991-05-21,750.5714
1991-05-28,432.7143
1991-06-04,464.7143
1991-06-11,425.4286
1991-06-18,601.7286
1991-06-25,560.7286
1991-07-02,448.6129
1991-07-09,316.5786
1991-07-16,222
1991-07-23,154.1429
1991-07-30,126.5429
1991-08-06,104.928
1991-08-13,108.2271
1991-08-20,70.45714
1991-08-27,48.98571
1991-09-03,36.51114
1991-09-10,34.12329
1991-09-17,34.04
1991-09-24,35.02429
1991-10-01,30.85429
1991-10-08,30.03086
1991-10-15,19.25786
1991-10-22,5.535714
1991-10-29,15.99714
1991-11-05,23.44957
1991-11-12,38.90286
1991-11-19,28.64429
1991-11-26,22.272
1991-12-03,19.93943
1991-12-10,19.44771
1991-12-17,18.19271
1991-12-24,17.41563
1992-01-01,18.55786
1992-01-08,10.55286
1992-01-15,12.00714
1992-01-22,16.93429
1992-01-29,22.69157
1992-02-05,16.916
1992-02-12,12.996
1992-02-19,16.834
1992-02-26,22.20371
1992-03-04,19.98514
1992-03-11,20.446
1992-03-18,24.92571
1992-03-25,26.31714
1992-04-01,26.21429
1992-04-08,38.18571
1992-04-15,44.28571
1992-04-22,61.04286
1992-04-29,106.1571
1992-05-06,159.5857
1992-05-13,133.1286
1992-05-20,110.9
1992-05-27,135.0571
1992-06-03,134.4571
1992-06-10,116.0286
1992-06-17,214.1857
1992-06-24,143.1286
1992-07-01,218.3143
1992-07-08,242.3
1992-07-15,166.6857
1992-07-22,122.8571
1992-07-29,108.6714
1992-08-05,86.1
1992-08-12,58.51429
1992-08-19,49.39714
1992-08-26,66.54286
1992-09-02,57.57143
1992-09-09,49.57
1992-09-16,54.89714
1992-09-23,54.75714
1992-09-30,61.82857
1992-10-07,57.92857
1992-10-14,58.35857
1992-10-21,61.42714
1992-10-28,59.07143
1992-11-04,58.26343
1992-11-11,46.204
1992-11-18,41.18857
1992-11-25,18.72571
1992-12-02,17.644
1992-12-09,18.59114
1992-12-16,19.387
1992-12-23,19.64667
1993-01-01,19.35257
1993-01-08,19.46957
1993-01-15,17.75271
1993-01-22,15.32943
1993-01-29,23.98429
1993-02-05,24.83486
1993-02-12,19.39729
1993-02-19,12.05286
1993-02-26,25.852
1993-03-05,69.82286
1993-03-12,43.80014
1993-03-19,53.55114
1993-03-26,101.7857
1993-04-02,76.47143
1993-04-09,90.28571
1993-04-16,80.9
1993-04-23,96.08571
1993-04-30,96.3
1993-05-07,138.5429
1993-05-14,340.1429
1993-05-21,356
1993-05-28,273.1571
1993-06-04,356.4714
1993-06-11,368.7571
1993-06-18,450.3486
1993-06-25,233.5
1993-07-02,214.6857
1993-07-09,490.0757
1993-07-16,517.1
1993-07-23,345.2757
1993-07-30,265.2327
1993-08-06,168.6214
1993-08-13,180.4657
1993-08-20,225.2114
1993-08-27,146.6586
1993-09-03,148.323
1993-09-10,126.9214
1993-09-17,232.3143
1993-09-24,177.2914
1993-10-01,129.6557
1993-10-08,112.8129
1993-10-15,95.31114
1993-10-22,81.34514
1993-10-29,68.67286
1993-11-05,61.82171
1993-11-12,55.73429
1993-11-19,23.73143
1993-11-26,39.26286
1993-12-03,42.56814
1993-12-10,51.63729
1993-12-17,34.53057
1993-12-24,30.8675
1994-01-01,31.00014
1994-01-08,22.04743
1994-01-15,25.91971
1994-01-22,36.15557
1994-01-29,24.44286
1994-02-05,20.64143
1994-02-12,26.43671
1994-02-19,21.16971
1994-02-26,44.31757
1994-03-05,121.86
1994-03-12,77.68571
1994-03-19,61.76857
1994-03-26,49.76286
1994-04-02,56.21
1994-04-09,75.31429
1994-04-16,107.3857
1994-04-23,202.1429
1994-04-30,174.6429
1994-05-07,223.7143
1994-05-14,323.4286
1994-05-21,411.3857
1994-05-28,334.9857
1994-06-04,270.8143
1994-06-11,219.9143
1994-06-18,180.0143
1994-06-25,159.9571
1994-07-02,128.8143
1994-07-09,98.52857
1994-07-16,86
1994-07-23,67.6
1994-07-30,54.57143
1994-08-06,55.6
1994-08-13,43.60271
1994-08-20,27.56
1994-08-27,27.52857
1994-09-03,32.25429
1994-09-10,18.57143
1994-09-17,13.5
1994-09-24,19.95143
1994-10-01,26.33857
1994-10-08,36.43729
1994-10-15,39.90814
1994-10-22,34.211
1994-10-29,40.29571
1994-11-05,39.08571
1994-11-12,32.31143
1994-11-19,20.35786
1994-11-26,20.96543
1994-12-03,17.81429
1994-12-10,15.99143
1994-12-17,23.61429
1994-12-24,24.46875
1995-01-01,16.42
1995-01-08,17.25
1995-01-15,20.99429
1995-01-22,22.13429
1995-01-29,25.50429
1995-02-05,30.41571
1995-02-12,21.32143
1995-02-19,39.09286
1995-02-26,43.58571
1995-03-05,38.32857
1995-03-12,67.74286
1995-03-19,59.95714
1995-03-26,45.05714
1995-04-02,33.30143
1995-04-09,36.70143
1995-04-16,41.53571
1995-04-23,54.64286
1995-04-30,69.02857
1995-05-07,385.2429
1995-05-14,465.5714
1995-05-21,427.9286
1995-05-28,453.9571
1995-06-04,1709.571
1995-06-11,1394.286
1995-06-18,1231.429
1995-06-25,899.2143
1995-07-02,480.6571
1995-07-09,319.9471
1995-07-16,217.7571
1995-07-23,242.4714
1995-07-30,153.3114
1995-08-06,124.9943
1995-08-13,110.9143
1995-08-20,90.67143
1995-08-27,70.18571
1995-09-03,62.76014
1995-09-10,68.94143
1995-09-17,51.03429
1995-09-24,49.40571
1995-10-01,52.86071
1995-10-08,60.43057
1995-10-15,108.3857
1995-10-22,90.87143
1995-10-29,60.35986
1995-11-05,41.37571
1995-11-12,99.93429
1995-11-19,141.5
1995-11-26,101.8571
1995-12-03,104.04
1995-12-10,47.86014
1995-12-17,75.20714
1995-12-24,50.925
1996-01-01,41.94911
1996-01-08,45.1618
1996-01-15,34.60871
1996-01-22,26.43409
1996-01-29,28.68272
1996-02-05,52.91027
1996-02-12,116.9982
1996-02-19,125.8265
1996-02-26,71.92804
1996-03-04,63.69231
1996-03-11,226.4315
1996-03-18,137.3508
1996-03-25,78.0998
1996-04-01,94.6633
1996-04-08,237.8732
1996-04-15,225.8635
1996-04-22,170.1203
1996-04-29,146.569
1996-05-06,153.6398
1996-05-13,226.9099
1996-05-20,418.1719
1996-05-27,487.8398
1996-06-03,626.2574
1996-06-10,579.8334
1996-06-17,382.9962
1996-06-24,468.3046
1996-07-01,363.8071
1996-07-08,253.9258
1996-07-15,174.3473
1996-07-22,130.1723
1996-07-29,109.2589
1996-08-05,97.20717
1996-08-12,72.92888
1996-08-19,61.86026
1996-08-26,45.82894
1996-09-02,38.22781
1996-09-09,32.72005
1996-09-16,40.87815
1996-09-23,53.45344
1996-09-30,55.04401
1996-10-07,56.92517
1996-10-14,48.80285
1996-10-21,41.05244
1996-10-28,36.15628
1996-11-04,36.15404
1996-11-11,27.17951
1996-11-18,20.88658
1996-11-25,20.90414
1996-12-02,29.83052
1996-12-09,29.10656
1996-12-16,24.37486
1996-12-23,20.71193
1997-01-01,26.60444
1997-01-08,31.30177
1997-01-15,29.76843
1997-01-22,30.21422
1997-01-29,37.71937
1997-02-05,39.12905
1997-02-12,37.67868
1997-02-19,66.64873
1997-02-26,54.42185
1997-03-05,42.91289
1997-03-12,33.83097
1997-03-19,279.7201
1997-03-26,134.6384
1997-04-02,95.80135
1997-04-09,75.94227
1997-04-16,79.66932
1997-04-23,139.2852
1997-04-30,170.4882
1997-05-07,171.4192
1997-05-14,425.8354
1997-05-21,478.5191
1997-05-28,873.7905
1997-06-04,723.8414
1997-06-11,700.4824
1997-06-18,482.0487
1997-06-25,240.3456
1997-07-02,223.584
1997-07-09,252.0795
1997-07-16,162.0835
1997-07-23,111.423
1997-07-30,99.86904
1997-08-06,88.9943
1997-08-13,81.18399
1997-08-20,87.79742
1997-08-27,70.97707
1997-09-03,53.49938
1997-09-10,43.04509
1997-09-17,38.27854
1997-09-24,45.29394
1997-10-01,31.50522
1997-10-08,56.19048
1997-10-15,54.04559
1997-10-22,51.17165
1997-10-29,44.60354
1997-11-05,41.7857
1997-11-12,28.25018
1997-11-19,31.32215
1997-11-26,29.52099
1997-12-03,20.78444
1997-12-10,22.13579
1997-12-17,22.07172
1997-12-24,15.10495
1998-01-01,14.174
1998-01-08,12.93631
1998-01-15,17.65352
1998-01-22,20.08299
1998-01-29,24.80314
1998-02-05,24.67192
1998-02-12,25.60185
1998-02-19,24.68985
1998-02-26,17.85903
1998-03-05,14.2383
1998-03-12,22.24342
1998-03-19,31.64435
1998-03-26,36.60089
1998-04-02,49.20771
1998-04-09,54.78841
1998-04-16,45.44981
1998-04-23,75.44098
1998-04-30,205.3207
1998-05-07,300.6837
1998-05-14,244.877
1998-05-21,386.4657
1998-05-28,743.4938
1998-06-04,366.0083
1998-06-11,379.9383
1998-06-18,817.1368
1998-06-25,429.917
1998-07-02,343.499
1998-07-09,280.2937
1998-07-16,166.7586
1998-07-23,117.1867
1998-07-30,97.10138
1998-08-06,89.17222
1998-08-13,61.56074
1998-08-20,49.37306
1998-08-27,37.41929
1998-09-03,31.36035
1998-09-10,27.3565
1998-09-17,25.72674
1998-09-24,27.68206
1998-10-01,32.45241
1998-10-08,33.8848
1998-10-15,28.5097
1998-10-22,31.93771
1998-10-29,26.58142
1998-11-05,24.53959
1998-11-12,25.36059
1998-11-19,25.31425
1998-11-26,27.26138
1998-12-03,24.67305
1998-12-10,18.61092
1998-12-17,20.31872
1998-12-24,16.0233
1999-01-01,17.45515
1999-01-08,21.70849
1999-01-15,22.82545
1999-01-22,24.1593
1999-01-29,21.45293
1999-02-05,21.52267
1999-02-12,20.50193
1999-02-19,22.77527
1999-02-26,25.19191
1999-03-05,25.48541
1999-03-12,29.61969
1999-03-19,28.80107
1999-03-26,31.39779
1999-04-02,35.66736
1999-04-09,35.5381
1999-04-16,39.99239
1999-04-23,61.78129
1999-04-30,114.2204
1999-05-07,99.61935
1999-05-14,101.0579
1999-05-21,156.2823
1999-05-28,403.0022
1999-06-04,465.0677
1999-06-11,288.1318
1999-06-18,356.8869
1999-06-25,376.6079
1999-07-02,280.2611
1999-07-09,202.2171
1999-07-16,225.1515
1999-07-23,156.4805
1999-07-30,145.7169
1999-08-06,124.1481
1999-08-13,105.2488
1999-08-20,81.6131
1999-08-27,60.36437
1999-09-03,56.02585
1999-09-10,35.82419
1999-09-17,29.62602
1999-09-24,24.15266
1999-10-01,29.39348
1999-10-08,31.66854
1999-10-15,76.10655
1999-10-22,67.31039
1999-10-29,49.05145
1999-11-05,60.25911
1999-11-12,148.1896
1999-11-19,272.0672
1999-11-26,128.8081
1999-12-03,80.73539
1999-12-10,39.52096
1999-12-17,43.67749
1999-12-24,44.35518
2000-01-01,21.17982
2000-01-08,22.97631
2000-01-15,24.44404
2000-01-22,29.55527
2000-01-29,31.58225
2000-02-05,26.99502
2000-02-12,23.98083
2000-02-19,26.96401
2000-02-26,33.50729
2000-03-04,33.05258
2000-03-11,28.79932
2000-03-18,33.85895
2000-03-25,38.92975
2000-04-01,40.58827
2000-04-08,43.71019
2000-04-15,63.47414
2000-04-22,116.7079
2000-04-29,133.0256
2000-05-06,171.2917
2000-05-13,119.4106
2000-05-20,166.544
2000-05-27,234.2262
2000-06-03,163.3805
2000-06-10,195.8991
2000-06-17,244.3235
2000-06-24,205.6914
2000-07-01,152.7297
2000-07-08,113.6988
2000-07-15,83.80518
2000-07-22,69.26998
2000-07-29,43.98399
2000-08-05,40.32438
2000-08-12,33.42667
2000-08-19,28.19533
2000-08-26,22.37216
2000-09-02,26.8864
2000-09-09,27.32533
2000-09-16,27.57121
2000-09-23,31.45938
2000-09-30,30.57784
2000-10-07,36.66769
2000-10-14,36.60411
2000-10-21,32.50575
2000-10-28,27.73676
2000-11-04,23.05579
2000-11-11,19.25287
2000-11-18,16.05152
2000-11-25,14.30145
2000-12-02,15.56557
2000-12-09,5.435004
2000-12-16,9.307431
2000-12-23,11.77338
2001-01-01,14.46322
2001-01-08,14.35482
2001-01-15,13.71035
2001-01-22,13.56533
2001-01-29,11.83907
2001-02-05,10.98921
2001-02-12,9.469301
2001-02-19,11.6732
2001-02-26,10.22274
2001-03-05,14.92637
2001-03-12,18.103
2001-03-19,19.07358
2001-03-26,24.34486
2001-04-02,23.26691
2001-04-09,27.00757
2001-04-16,25.05451
2001-04-23,34.28277
2001-04-30,117.3285
2001-05-07,134.9527
2001-05-14,193.0529
2001-05-21,187.383
2001-05-28,258.8792
2001-06-04,341.0778
2001-06-11,269.697
2001-06-18,242.0122
2001-06-25,184.0874
2001-07-02,129.0494
2001-07-09,95.00348
2001-07-16,66.21859
2001-07-23,44.93487
2001-07-30,33.76726
2001-08-06,27.06055
2001-08-13,25.34933
2001-08-20,22.76089
2001-08-27,21.79778
2001-09-03,16.82927
2001-09-10,14.57156
2001-09-17,13.79198
2001-09-24,13.07464
2001-10-01,16.80732
2001-10-08,13.07755
2001-10-15,10.91338
2001-10-22,14.56777
2001-10-29,15.64737
2001-11-05,19.53979
2001-11-12,20.2297
2001-11-19,20.25089
2001-11-26,15.12218
2001-12-03,14.78427
2001-12-10,17.20392
2001-12-17,16.14857
2001-12-24,13.81381
2002-01-01,12.03
2002-01-08,19.307
2002-01-15,20.265
2002-01-22,17.02
2002-01-29,16.192
2002-02-05,19.397
2002-02-12,18.714
2002-02-19,17.022
2002-02-26,14.244
2002-03-05,16.344
2002-03-12,22.088
2002-03-19,19.683
2002-03-26,22.542
2002-04-02,24.559
2002-04-09,30.838
2002-04-16,70.473
2002-04-23,78.814
2002-04-30,77.452
2002-05-07,95.053
2002-05-14,118.067
2002-05-21,335.911
2002-05-28,804.553
2002-06-04,917.951
2002-06-11,1601.109
2002-06-18,1192.105
2002-06-25,949.785
2002-07-02,532.038
2002-07-09,357.42
2002-07-16,290.62
2002-07-23,174.268
2002-07-30,121.983
2002-08-06,95.193
2002-08-13,74.122
2002-08-20,70.57
2002-08-27,58.703
2002-09-03,61.196
2002-09-10,67.124
2002-09-17,48.248
2002-09-24,43.629
2002-10-01,43.776
2002-10-08,39.252
2002-10-15,44.598
2002-10-22,42.366
2002-10-29,31.877
2002-11-05,41.642
2002-11-12,39.897
2002-11-19,34.771
2002-11-26,34.142
2002-12-03,26.966
2002-12-10,38.849
2002-12-17,22.585
2002-12-24,18.524
2003-01-01,26.724
2003-01-08,25.191
2003-01-15,20.322
2003-01-22,17.62
2003-01-29,24.61
2003-02-05,26.025
2003-02-12,24.212
2003-02-19,19.786
2003-02-26,18.115
2003-03-05,19.165
2003-03-12,191.807
2003-03-19,115.919
2003-03-26,63.788
2003-04-02,69.789
2003-04-09,74.589
2003-04-16,97.868
2003-04-23,145.644
2003-04-30,187.786
2003-05-07,156.046
2003-05-14,188.359
2003-05-21,192.168
2003-05-28,474.918
2003-06-04,360.368
2003-06-11,310.216
2003-06-18,225.605
2003-06-25,183.273
2003-07-02,129.216
2003-07-09,101.561
2003-07-16,69.73
2003-07-23,55.33
2003-07-30,41.379
2003-08-06,37.527
2003-08-13,31.115
2003-08-20,24.697
2003-08-27,20.73
2003-09-03,17.52
2003-09-10,18.5
2003-09-17,22.281
2003-09-24,19.859
2003-10-01,17.933
2003-10-08,15.05
2003-10-15,13.73
2003-10-22,22.784
2003-10-29,29.265
2003-11-05,30.777
2003-11-12,34.259
2003-11-19,27.745
2003-11-26,26.235
2003-12-03,28.331
2003-12-10,21.803
2003-12-17,21.743
2003-12-24,17.411
2004-01-01,10.249
2004-01-08,12.978
2004-01-15,17.645
2004-01-22,17.969
2004-01-29,14.015
2004-02-05,18.05
2004-02-12,20.88
2004-02-19,23.221
2004-02-26,24.187
2004-03-05,25.645
2004-03-12,35.182
2004-03-19,37.443
2004-03-26,36.148
2004-04-02,40.78
2004-04-09,55.455
2004-04-16,89.206
2004-04-23,78.494
2004-04-30,117.338
2004-05-07,177.309
2004-05-14,161.69
2004-05-21,186.56
2004-05-28,248.103
2004-06-04,255.168
2004-06-11,286.494
2004-06-18,190.857
2004-06-25,202.67
2004-07-02,246.322
2004-07-09,191.162
2004-07-16,128.97
2004-07-23,98.936
2004-07-30,69.84
2004-08-06,56.491
2004-08-13,48.357
2004-08-20,63.475
2004-08-27,149.715
2004-09-03,107.461
2004-09-10,78.5
2004-09-17,72.816
2004-09-24,76.739
2004-10-01,55.343
2004-10-08,43.946
2004-10-15,52.611
2004-10-22,54.338
2004-10-29,44.906
2004-11-05,44.643
2004-11-12,40.28
2004-11-19,33.321
2004-11-26,24.982
2004-12-03,20.331
2004-12-10,23.619
2004-12-17,43.289
2004-12-24,33.614
2005-01-01,26.074
2005-01-08,24.198
2005-01-15,31.132
2005-01-22,109.308
2005-01-29,111.124
2005-02-05,59.53
2005-02-12,49.718
2005-02-19,39.15
2005-02-26,49.678
2005-03-05,41.759
2005-03-12,40.199
2005-03-19,40.033
2005-03-26,37.374
2005-04-02,40.278
2005-04-09,44.31
2005-04-16,50.525
2005-04-23,56.474
2005-04-30,86.111
2005-05-07,105.631
2005-05-14,198.615
2005-05-21,229.303
2005-05-28,147.672
2005-06-04,1216.324
2005-06-11,878.198
2005-06-18,558.546
2005-06-25,460.854
2005-07-02,356.17
2005-07-09,196.381
2005-07-16,145.464
2005-07-23,110.296
2005-07-30,71.281
2005-08-06,57.683
2005-08-13,81.426
2005-08-20,85.872
2005-08-27,97.517
2005-09-03,61.521
2005-09-10,226.748
2005-09-17,190.473
2005-09-24,133.959
2005-10-01,170.524
2005-10-08,192.027
2005-10-15,167.106
2005-10-22,193.164
2005-10-29,160.846
2005-11-05,134.067
2005-11-12,106.728
2005-11-19,97.073
2005-11-26,64.255
2005-12-03,39.719
2005-12-10,59.87
2005-12-17,53.59
2005-12-24,73.474
2006-01-01,75.766
2006-01-08,69.699
2006-01-15,61.723
2006-01-22,64.229
2006-01-29,58.689
2006-02-05,50.248
2006-02-12,37.976
2006-02-19,33.467
2006-02-26,40.825
2006-03-05,50.598
2006-03-12,50.262
2006-03-19,52.476
2006-03-26,76.248
2006-04-02,90.238
2006-04-09,177.7
2006-04-16,134.314
2006-04-23,127.838
2006-04-30,179.262
2006-05-07,178.174
2006-05-14,203.249
2006-05-21,494.85
2006-05-28,368.461
2006-06-04,368.211
2006-06-11,687.958
2006-06-18,596.997
2006-06-25,251.325
2006-07-02,189.786
2006-07-09,142.423
2006-07-16,101.707
2006-07-23,70.802
2006-07-30,56.424
2006-08-06,43.748
2006-08-13,41.739
2006-08-20,38.713
2006-08-27,33.247
2006-09-03,28.769
2006-09-10,22.924
2006-09-17,29.895
2006-09-24,33.989
2006-10-01,36.021
2006-10-08,35.886
2006-10-15,30.02
2006-10-22,30.952
2006-10-29,26.884
2006-11-05,140.866
2006-11-12,304.242
2006-11-19,129.427
2006-11-26,56.086
2006-12-03,55.003
2006-12-10,55.422
2006-12-17,44.184
2006-12-24,38.983
2007-01-01,40.552
2007-01-08,33.129
2007-01-15,22.926
2007-01-22,33.972
2007-01-29,28.22
2007-02-05,23.454
2007-02-12,24.774
2007-02-19,28.729
2007-02-26,26.325
2007-03-05,42.778
2007-03-12,76.997
2007-03-19,98.577
2007-03-26,149.436
2007-04-02,135.387
2007-04-09,112.774
2007-04-16,109.203
2007-04-23,105.066
2007-04-30,166.96
2007-05-07,226.337
2007-05-14,330.819
2007-05-21,322.917
2007-05-28,296.247
2007-06-04,439.505
2007-06-11,290.741
2007-06-18,203.759
2007-06-25,158.362
2007-07-02,119.23
2007-07-09,99.82
2007-07-16,73.289
2007-07-23,55.666
2007-07-30,43.071
2007-08-06,33.207
2007-08-13,27.664
2007-08-20,24.33
2007-08-27,20.631
2007-09-03,17.335
2007-09-10,20.821
2007-09-17,23.932
2007-09-24,24.53
2007-10-01,19.98
2007-10-08,28.891
2007-10-15,38.453
2007-10-22,40.737
2007-10-29,45.497
2007-11-05,42.156
2007-11-12,32.513
2007-11-19,23.203
2007-11-26,17.85
2007-12-03,18.959
2007-12-10,25.572
2007-12-17,25.468
2007-12-24,23.372
2008-01-01,21.489
2008-01-08,19.4
2008-01-15,18.131
2008-01-22,14.648
2008-01-29,13.484
2008-02-05,16.633
2008-02-12,17.787
2008-02-19,20.153
2008-02-26,25.185
2008-03-05,25.382
2008-03-12,29.077
2008-03-19,28.291
2008-03-26,24.279
2008-04-02,23.924
2008-04-09,23.056
2008-04-16,31.505
2008-04-23,37.894
2008-04-30,42.526
2008-05-07,89.796
2008-05-14,137.142
2008-05-21,798.676
2008-05-28,895.788
2008-06-04,518.01
2008-06-11,595.967
2008-06-18,517.671
2008-06-25,428.671
2008-07-02,372.638
2008-07-09,238.086
2008-07-16,152.942
2008-07-23,121.753
2008-07-30,85.852
2008-08-06,69.447
2008-08-13,55.968
2008-08-20,52.014
2008-08-27,53.138
2008-09-03,51.503
2008-09-10,53.934
2008-09-17,47.418
2008-09-24,42.793
2008-10-01,41.229
2008-10-08,34.351
2008-10-15,35.697
2008-10-22,32.037
2008-10-29,27.23
2008-11-05,28.974
2008-11-12,27.435
2008-11-19,29.847
2008-11-26,27.262
2008-12-03,28.846
2008-12-10,20.154
2008-12-17,12.703
2008-12-24,13.449
2009-01-01,17.692
2009-01-08,19.492
2009-01-15,21.215
2009-01-22,20.306
2009-01-29,18.511
2009-02-05,19.463
2009-02-12,17.264
2009-02-19,16.037
2009-02-26,16.346
2009-03-05,20.475
2009-03-12,20.619
2009-03-19,27.855
2009-03-26,28.346
2009-04-02,31.652
2009-04-09,42.861
2009-04-16,52.238
2009-04-23,94.185
2009-04-30,96.602
2009-05-07,123.624
2009-05-14,135.114
2009-05-21,237.183
2009-05-28,391.225
2009-06-04,289.386
2009-06-11,200.958
2009-06-18,232.283
2009-06-25,217.613
2009-07-02,146.342
2009-07-09,123.599
2009-07-16,178.018
2009-07-23,110.52
2009-07-30,135.834
2009-08-06,136.765
2009-08-13,105.741
2009-08-20,100.204
2009-08-27,59.536
2009-09-03,49.352
2009-09-10,36.78
2009-09-17,34.707
2009-09-24,29.292
2009-10-01,27.8
2009-10-08,32.445
2009-10-15,33.514
2009-10-22,49.284
2009-10-29,49.394
2009-11-05,58.193
2009-11-12,51.736
2009-11-19,43.235
2009-11-26,38.517
2009-12-03,21.479
2009-12-10,20.713
2009-12-17,25.782
2009-12-24,25.759