05BN012,Bow River near the Mouth
,
Date,Natural Mean Flows Extended (m3/s)
1912-01-01,11.2
1912-01-08,21.7
1912-01-15,28.2
1912-01-22,29.9
1912-01-29,34.9
1912-02-05,33.8
1912-02-12,35.7
1912-02-19,35.6
1912-02-26,34.2
1912-03-04,29
1912-03-11,26.3
1912-03-18,27
1912-03-25,41.2
1912-04-01,89.9
1912-04-08,85.9
1912-04-15,76
1912-04-22,58.5
1912-04-29,70.7
1912-05-06,100.6
1912-05-13,122.8
1912-05-20,203
1912-05-27,204.3
1912-06-03,139.1
1912-06-10,166.4
1912-06-17,607.7
1912-06-24,404.9
1912-07-01,317.4
1912-07-08,454.6
1912-07-15,457.3
1912-07-22,466
1912-07-29,383.4
1912-08-05,286
1912-08-12,226.8
1912-08-19,281.9
1912-08-26,318.8
1912-09-02,229
1912-09-09,201.1
1912-09-16,181.4
1912-09-23,151.9
1912-09-30,129.1
1912-10-07,124.9
1912-10-14,123.4
1912-10-21,121.7
1912-10-28,105.2
1912-11-04,96
1912-11-11,91.7
1912-11-18,87.1
1912-11-25,60.1
1912-12-02,44.8
1912-12-09,34
1912-12-16,29.4
1912-12-23,33.2
1913-01-01,28.8
1913-01-08,25.7
1913-01-15,18.4
1913-01-22,42.1
1913-01-29,45.5
1913-02-05,36.5
1913-02-12,45.3
1913-02-19,49.7
1913-02-26,43.5
1913-03-05,40.9
1913-03-12,52.5
1913-03-19,44.6
1913-03-26,42.3
1913-04-02,37
1913-04-09,169.1
1913-04-16,164.5
1913-04-23,97.2
1913-04-30,71
1913-05-07,70.6
1913-05-14,147.2
1913-05-21,129.4
1913-05-28,264.4
1913-06-04,380.3
1913-06-11,472.8
1913-06-18,396.5
1913-06-25,438.4
1913-07-02,398.5
1913-07-09,291.6
1913-07-16,211.8
1913-07-23,227.9
1913-07-30,218.1
1913-08-06,243.3
1913-08-13,325.4
1913-08-20,226.9
1913-08-27,187
1913-09-03,202.9
1913-09-10,175.4
1913-09-17,120.3
1913-09-24,114.8
1913-10-01,98
1913-10-08,93.4
1913-10-15,108.3
1913-10-22,107.2
1913-10-29,83.4
1913-11-05,81.8
1913-11-12,62.5
1913-11-19,87.7
1913-11-26,72
1913-12-03,71.2
1913-12-10,73
1913-12-17,47.3
1913-12-24,48.9
1914-01-01,71.8
1914-01-08,60.9
1914-01-15,47.8
1914-01-22,29.1
1914-01-29,25.9
1914-02-05,26.3
1914-02-12,31.8
1914-02-19,30
1914-02-26,32
1914-03-05,50.8
1914-03-12,90.4
1914-03-19,88.8
1914-03-26,90.4
1914-04-02,60.5
1914-04-09,82.7
1914-04-16,72.7
1914-04-23,74.7
1914-04-30,89.6
1914-05-07,120.6
1914-05-14,178.8
1914-05-21,224.9
1914-05-28,240.4
1914-06-04,356.4
1914-06-11,346.8
1914-06-18,407.4
1914-06-25,323
1914-07-02,311.8
1914-07-09,326.8
1914-07-16,296.5
1914-07-23,204.7
1914-07-30,154.5
1914-08-06,154.2
1914-08-13,152.5
1914-08-20,136.5
1914-08-27,122.5
1914-09-03,103.7
1914-09-10,76.2
1914-09-17,91.7
1914-09-24,90.2
1914-10-01,95.6
1914-10-08,94.7
1914-10-15,112
1914-10-22,109.1
1914-10-29,86
1914-11-05,68.1
1914-11-12,61.8
1914-11-19,67.7
1914-11-26,66
1914-12-03,38.5
1914-12-10,20
1914-12-17,24.5
1914-12-24,31.9
1915-01-01,39.3
1915-01-08,41.7
1915-01-15,34.8
1915-01-22,32.3
1915-01-29,34.7
1915-02-05,37.5
1915-02-12,35.2
1915-02-19,37.2
1915-02-26,37.8
1915-03-05,38.3
1915-03-12,42.8
1915-03-19,224.3
1915-03-26,174.5
1915-04-02,103.2
1915-04-09,36.2
1915-04-16,35.4
1915-04-23,58
1915-04-30,109.2
1915-05-07,238.3
1915-05-14,386
1915-05-21,283
1915-05-28,330.5
1915-06-04,363.4
1915-06-11,348.8
1915-06-18,480.7
1915-06-25,993.3
1915-07-02,727.8
1915-07-09,749.9
1915-07-16,907
1915-07-23,555.1
1915-07-30,576.6
1915-08-06,377.6
1915-08-13,279.2
1915-08-20,384.3
1915-08-27,244.7
1915-09-03,206.5
1915-09-10,180.8
1915-09-17,146.8
1915-09-24,159.9
1915-10-01,126.4
1915-10-08,124.1
1915-10-15,105.1
1915-10-22,96.2
1915-10-29,97.1
1915-11-05,85.8
1915-11-12,54.1
1915-11-19,58.7
1915-11-26,66.9
1915-12-03,53.4
1915-12-10,44.8
1915-12-17,47
1915-12-24,37
1916-01-01,27.2
1916-01-08,32.3
1916-01-15,32.5
1916-01-22,32.1
1916-01-29,39
1916-02-05,41.8
1916-02-12,76
1916-02-19,61.2
1916-02-26,44.9
1916-03-04,33.7
1916-03-11,37.2
1916-03-18,88.8
1916-03-25,97.7
1916-04-01,93.6
1916-04-08,110.3
1916-04-15,90.2
1916-04-22,82.9
1916-04-29,83.3
1916-05-06,133.2
1916-05-13,112
1916-05-20,123
1916-05-27,376
1916-06-03,593.2
1916-06-10,576.2
1916-06-17,941.4
1916-06-24,947.1
1916-07-01,1028
1916-07-08,775.1
1916-07-15,597.6
1916-07-22,396.2
1916-07-29,286.2
1916-08-05,265.2
1916-08-12,281.5
1916-08-19,515.6
1916-08-26,339.2
1916-09-02,441.3
1916-09-09,329.6
1916-09-16,250.1
1916-09-23,176
1916-09-30,157.7
1916-10-07,149
1916-10-14,131.3
1916-10-21,140
1916-10-28,157
1916-11-04,106.7
1916-11-11,81.3
1916-11-18,97
1916-11-25,91.3
1916-12-02,75.8
1916-12-09,50.1
1916-12-16,34.8
1916-12-23,49.2
1917-01-01,43.2
1917-01-08,41.3
1917-01-15,46.8
1917-01-22,41.5
1917-01-29,37.5
1917-02-05,41.9
1917-02-12,47.2
1917-02-19,39.2
1917-02-26,33
1917-03-05,38.1
1917-03-12,42.7
1917-03-19,45.2
1917-03-26,66.3
1917-04-02,57.6
1917-04-09,70
1917-04-16,74.4
1917-04-23,74.4
1917-04-30,75.4
1917-05-07,91.8
1917-05-14,269.4
1917-05-21,329
1917-05-28,508.4
1917-06-04,702.2
1917-06-11,594.6
1917-06-18,574.4
1917-06-25,414
1917-07-02,422.8
1917-07-09,391.3
1917-07-16,334.3
1917-07-23,301.2
1917-07-30,220.3
1917-08-06,191.5
1917-08-13,193
1917-08-20,185.1
1917-08-27,169.1
1917-09-03,151
1917-09-10,125
1917-09-17,111.6
1917-09-24,113.5
1917-10-01,107.3
1917-10-08,114.2
1917-10-15,99.8
1917-10-22,89.8
1917-10-29,73.1
1917-11-05,72.1
1917-11-12,54
1917-11-19,45.5
1917-11-26,40.6
1917-12-03,8.7
1917-12-10,6
1917-12-17,6
1917-12-24,9.2
1918-01-01,38.6
1918-01-08,14.6
1918-01-15,8
1918-01-22,37.3
1918-01-29,29.2
1918-02-05,18.8
1918-02-12,52.9
1918-02-19,22.1
1918-02-26,23.6
1918-03-05,40.4
1918-03-12,55.9
1918-03-19,112.8
1918-03-26,152.9
1918-04-02,76.3
1918-04-09,76.1
1918-04-16,57
1918-04-23,51.9
1918-04-30,47.8
1918-05-07,101.8
1918-05-14,105.3
1918-05-21,129.4
1918-05-28,128.4
1918-06-04,151.7
1918-06-11,494.7
1918-06-18,470.1
1918-06-25,324.1
1918-07-02,201.1
1918-07-09,219.7
1918-07-16,217
1918-07-23,203.5
1918-07-30,169.5
1918-08-06,171.4
1918-08-13,186.4
1918-08-20,176.1
1918-08-27,145.6
1918-09-03,120.4
1918-09-10,111.7
1918-09-17,100.6
1918-09-24,113.5
1918-10-01,104.9
1918-10-08,83.9
1918-10-15,85.6
1918-10-22,70
1918-10-29,63.2
1918-11-05,54.7
1918-11-12,50.3
1918-11-19,40.7
1918-11-26,35.9
1918-12-03,37
1918-12-10,29.9
1918-12-17,30.8
1918-12-24,28.8
1919-01-01,25.5
1919-01-08,33.9
1919-01-15,37.7
1919-01-22,36
1919-01-29,32.1
1919-02-05,23.2
1919-02-12,30
1919-02-19,33.7
1919-02-26,29
1919-03-05,24
1919-03-12,33.1
1919-03-19,35.9
1919-03-26,44.3
1919-04-02,78.3
1919-04-09,83.6
1919-04-16,78.5
1919-04-23,56.5
1919-04-30,63
1919-05-07,78.8
1919-05-14,92.6
1919-05-21,212.4
1919-05-28,360.2
1919-06-04,216.9
1919-06-11,179
1919-06-18,218.5
1919-06-25,301
1919-07-02,204.5
1919-07-09,172.6
1919-07-16,183.5
1919-07-23,150.4
1919-07-30,164.7
1919-08-06,379.1
1919-08-13,206.5
1919-08-20,164.9
1919-08-27,129.8
1919-09-03,123
1919-09-10,103.9
1919-09-17,96.9
1919-09-24,81.6
1919-10-01,72.4
1919-10-08,59.5
1919-10-15,52.3
1919-10-22,39.5
1919-10-29,28.2
1919-11-05,22.8
1919-11-12,31.6
1919-11-19,47.7
1919-11-26,28.5
1919-12-03,23.7
1919-12-10,30.5
1919-12-17,28.3
1919-12-24,39.2
1920-01-01,28.4
1920-01-08,21.8
1920-01-15,23.2
1920-01-22,25.6
1920-01-29,22
1920-02-05,29
1920-02-12,31.9
1920-02-19,31.1
1920-02-26,31.8
1920-03-04,27.9
1920-03-11,34.8
1920-03-18,66.1
1920-03-25,89.2
1920-04-01,63
1920-04-08,54
1920-04-15,84.7
1920-04-22,194.9
1920-04-29,179.9
1920-05-06,324.3
1920-05-13,221.1
1920-05-20,199.8
1920-05-27,128.2
1920-06-03,141.4
1920-06-10,236.5
1920-06-17,357.6
1920-06-24,361.7
1920-07-01,456.1
1920-07-08,597.6
1920-07-15,517.9
1920-07-22,413.8
1920-07-29,306.7
1920-08-05,230.8
1920-08-12,203.3
1920-08-19,175
1920-08-26,133.7
1920-09-02,104.8
1920-09-09,106.8
1920-09-16,93.2
1920-09-23,86.6
1920-09-30,89.8
1920-10-07,77.7
1920-10-14,73.6
1920-10-21,70
1920-10-28,60.1
1920-11-04,56.1
1920-11-11,31.7
1920-11-18,42.3
1920-11-25,40.1
1920-12-02,38.4
1920-12-09,29
1920-12-16,33.3
1920-12-23,25.3
1921-01-01,38.8
1921-01-08,34.5
1921-01-15,27.1
1921-01-22,23.3
1921-01-29,35
1921-02-05,35.7
1921-02-12,32
1921-02-19,28.4
1921-02-26,44.3
1921-03-05,26
1921-03-12,19.2
1921-03-19,24.5
1921-03-26,41.9
1921-04-02,75
1921-04-09,52
1921-04-16,100.9
1921-04-23,62.5
1921-04-30,54.5
1921-05-07,89.2
1921-05-14,97.6
1921-05-21,316.6
1921-05-28,327.8
1921-06-04,379.6
1921-06-11,394.6
1921-06-18,284.6
1921-06-25,345.3
1921-07-02,329.6
1921-07-09,235
1921-07-16,204.5
1921-07-23,207.7
1921-07-30,193.9
1921-08-06,160.5
1921-08-13,162.5
1921-08-20,139.2
1921-08-27,102.6
1921-09-03,87
1921-09-10,81
1921-09-17,71.4
1921-09-24,62
1921-10-01,67.1
1921-10-08,52.3
1921-10-15,51.7
1921-10-22,54.2
1921-10-29,59.9
1921-11-05,62.4
1921-11-12,40.7
1921-11-19,19.8
1921-11-26,12.8
1921-12-03,43.1
1921-12-10,45.3
1921-12-17,26.9
1921-12-24,18.3
1922-01-01,31.4
1922-01-08,34.8
1922-01-15,35
1922-01-22,23.8
1922-01-29,24.5
1922-02-05,27
1922-02-12,21.6
1922-02-19,21.9
1922-02-26,24.8
1922-03-05,26.9
1922-03-12,32.4
1922-03-19,39.2
1922-03-26,30.1
1922-04-02,50.5
1922-04-09,69.4
1922-04-16,52.3
1922-04-23,106.5
1922-04-30,96.8
1922-05-07,74.7
1922-05-14,96.2
1922-05-21,198.1
1922-05-28,236.4
1922-06-04,394.3
1922-06-11,336.3
1922-06-18,318
1922-06-25,255.3
1922-07-02,262.4
1922-07-09,255.7
1922-07-16,190.1
1922-07-23,163
1922-07-30,148.2
1922-08-06,166.3
1922-08-13,157.5
1922-08-20,148.7
1922-08-27,126.7
1922-09-03,117.7
1922-09-10,93.3
1922-09-17,96.7
1922-09-24,80.5
1922-10-01,74.4
1922-10-08,77.2
1922-10-15,55.5
1922-10-22,52.2
1922-10-29,50.1
1922-11-05,42.8
1922-11-12,35.8
1922-11-19,28.8
1922-11-26,30.6
1922-12-03,20.4
1922-12-10,11.9
1922-12-17,12
1922-12-24,32.1
1923-01-01,32.7
1923-01-08,26.8
1923-01-15,24.5
1923-01-22,23.3
1923-01-29,21.8
1923-02-05,23
1923-02-12,24.4
1923-02-19,21.2
1923-02-26,30.4
1923-03-05,28.1
1923-03-12,25.4
1923-03-19,32.2
1923-03-26,40.1
1923-04-02,48.7
1923-04-09,43.5
1923-04-16,72.3
1923-04-23,43.2
1923-04-30,44.2
1923-05-07,44.6
1923-05-14,98.1
1923-05-21,131.8
1923-05-28,598.9
1923-06-04,785
1923-06-11,817.2
1923-06-18,758.4
1923-06-25,825.5
1923-07-02,476.6
1923-07-09,351.3
1923-07-16,309.5
1923-07-23,288.5
1923-07-30,265.1
1923-08-06,217.7
1923-08-13,213.4
1923-08-20,225.4
1923-08-27,184.8
1923-09-03,155.7
1923-09-10,138.3
1923-09-17,111.5
1923-09-24,121.9
1923-10-01,120.6
1923-10-08,85.5
1923-10-15,79.5
1923-10-22,72.2
1923-10-29,61
1923-11-05,51.2
1923-11-12,51.4
1923-11-19,52.8
1923-11-26,40.3
1923-12-03,40.7
1923-12-10,33
1923-12-17,33.6
1923-12-24,23.9
1924-01-01,16.4
1924-01-08,21.2
1924-01-15,32.4
1924-01-22,31.1
1924-01-29,39
1924-02-05,42.8
1924-02-12,35.5
1924-02-19,31.3
1924-02-26,36
1924-03-04,34.4
1924-03-11,31.2
1924-03-18,30.3
1924-03-25,28.6
1924-04-01,31.3
1924-04-08,70.5
1924-04-15,58.2
1924-04-22,37
1924-04-29,68.8
1924-05-06,82.9
1924-05-13,157.5
1924-05-20,261.6
1924-05-27,221.8
1924-06-03,201.1
1924-06-10,304
1924-06-17,389.5
1924-06-24,323.9
1924-07-01,426
1924-07-08,317.7
1924-07-15,206.3
1924-07-22,164.7
1924-07-29,233.5
1924-08-05,354.9
1924-08-12,268.1
1924-08-19,221.8
1924-08-26,173
1924-09-02,138.5
1924-09-09,135.1
1924-09-16,110.9
1924-09-23,98.4
1924-09-30,82.8
1924-10-07,88.8
1924-10-14,64.3
1924-10-21,57.8
1924-10-28,61.5
1924-11-04,44
1924-11-11,37.4
1924-11-18,59.3
1924-11-25,54.8
1924-12-02,48.3
1924-12-09,33.9
1924-12-16,19.9
1924-12-23,23.9
1925-01-01,43.1
1925-01-08,35.5
1925-01-15,28
1925-01-22,33.3
1925-01-29,34
1925-02-05,39
1925-02-12,35.3
1925-02-19,29.4
1925-02-26,30.4
1925-03-05,42.1
1925-03-12,44.8
1925-03-19,91.9
1925-03-26,211.8
1925-04-02,180.8
1925-04-09,171.1
1925-04-16,102.2
1925-04-23,91.4
1925-04-30,66.7
1925-05-07,71.8
1925-05-14,167.6
1925-05-21,404.8
1925-05-28,287.5
1925-06-04,228.3
1925-06-11,410.4
1925-06-18,440.6
1925-06-25,394.2
1925-07-02,290.6
1925-07-09,241.4
1925-07-16,203.4
1925-07-23,172.6
1925-07-30,174.1
1925-08-06,157.1
1925-08-13,181.3
1925-08-20,232.1
1925-08-27,141
1925-09-03,108.7
1925-09-10,125.2
1925-09-17,132
1925-09-24,141.4
1925-10-01,133.4
1925-10-08,121.4
1925-10-15,117.3
1925-10-22,135
1925-10-29,103.2
1925-11-05,74.6
1925-11-12,82.8
1925-11-19,64.9
1925-11-26,47.1
1925-12-03,64.4
1925-12-10,70.3
1925-12-17,51.8
1925-12-24,39.3
1926-01-01,30.6
1926-01-08,33.6
1926-01-15,34.8
1926-01-22,32.1
1926-01-29,33
1926-02-05,41.7
1926-02-12,36
1926-02-19,30.9
1926-02-26,45.2
1926-03-05,65.2
1926-03-12,74.6
1926-03-19,66.3
1926-03-26,45.9
1926-04-02,33.8
1926-04-09,66.8
1926-04-16,126.3
1926-04-23,84.7
1926-04-30,107.3
1926-05-07,109.1
1926-05-14,87.3
1926-05-21,92.6
1926-05-28,81.2
1926-06-04,75.4
1926-06-11,121
1926-06-18,292.3
1926-06-25,350.4
1926-07-02,271.6
1926-07-09,247.6
1926-07-16,183.5
1926-07-23,137.7
1926-07-30,131.6
1926-08-06,113.9
1926-08-13,114.5
1926-08-20,112.1
1926-08-27,105.9
1926-09-03,331.3
1926-09-10,407.9
1926-09-17,282.4
1926-09-24,215.7
1926-10-01,194.9
1926-10-08,176.5
1926-10-15,142.2
1926-10-22,148
1926-10-29,122
1926-11-05,82.1
1926-11-12,102.6
1926-11-19,55.1
1926-11-26,44.3
1926-12-03,50.2
1926-12-10,74.5
1926-12-17,50.6
1926-12-24,69
1927-01-01,63.5
1927-01-08,47
1927-01-15,37.2
1927-01-22,38
1927-01-29,42.8
1927-02-05,53.7
1927-02-12,41.1
1927-02-19,33.4
1927-02-26,37.5
1927-03-05,42.2
1927-03-12,60.4
1927-03-19,65
1927-03-26,126
1927-04-02,93.7
1927-04-09,82.3
1927-04-16,114.5
1927-04-23,74.7
1927-04-30,87.2
1927-05-07,83.7
1927-05-14,108.1
1927-05-21,199.5
1927-05-28,265.4
1927-06-04,339.6
1927-06-11,689.1
1927-06-18,508.3
1927-06-25,511.7
1927-07-02,378.5
1927-07-09,322.4
1927-07-16,442.7
1927-07-23,337.3
1927-07-30,317.2
1927-08-06,260.2
1927-08-13,224.5
1927-08-20,313.4
1927-08-27,241
1927-09-03,180.9
1927-09-10,335.6
1927-09-17,301.9
1927-09-24,210.8
1927-10-01,185.8
1927-10-08,137.5
1927-10-15,133.8
1927-10-22,134.1
1927-10-29,136.3
1927-11-05,98.2
1927-11-12,26.6
1927-11-19,64.7
1927-11-26,112
1927-12-03,62
1927-12-10,26.5
1927-12-17,42.2
1927-12-24,54.9
1928-01-01,48.3
1928-01-08,119.3
1928-01-15,109.2
1928-01-22,48.4
1928-01-29,47.8
1928-02-05,50.3
1928-02-12,57.5
1928-02-19,52.9
1928-02-26,35.5
1928-03-04,37.7
1928-03-11,42.5
1928-03-18,256
1928-03-25,187.8
1928-04-01,96.8
1928-04-08,61.6
1928-04-15,61.4
1928-04-22,109
1928-04-29,116.1
1928-05-06,83.1
1928-05-13,144.6
1928-05-20,301.5
1928-05-27,400.5
1928-06-03,234.5
1928-06-10,530.2
1928-06-17,723.5
1928-06-24,700.8
1928-07-01,657.6
1928-07-08,462.5
1928-07-15,349.7
1928-07-22,255.7
1928-07-29,265.6
1928-08-05,201.9
1928-08-12,183.3
1928-08-19,145
1928-08-26,168.4
1928-09-02,138.5
1928-09-09,133.5
1928-09-16,116.6
1928-09-23,92.3
1928-09-30,100.2
1928-10-07,78.5
1928-10-14,85.1
1928-10-21,66.2
1928-10-28,63.5
1928-11-04,58.8
1928-11-11,57.1
1928-11-18,43.1
1928-11-25,34.7
1928-12-02,19.5
1928-12-09,25.8
1928-12-16,31
1928-12-23,33.4
1929-01-01,31.8
1929-01-08,30.8
1929-01-15,31.5
1929-01-22,25.2
1929-01-29,25.7
1929-02-05,27.8
1929-02-12,30.1
1929-02-19,30.8
1929-02-26,33.7
1929-03-05,40.2
1929-03-12,48
1929-03-19,54
1929-03-26,63.3
1929-04-02,35.6
1929-04-09,40.2
1929-04-16,61.8
1929-04-23,72.1
1929-04-30,106.3
1929-05-07,71.1
1929-05-14,125.4
1929-05-21,279.2
1929-05-28,251.1
1929-06-04,1167
1929-06-11,588.9
1929-06-18,340.5
1929-06-25,219.1
1929-07-02,202.5
1929-07-09,182.3
1929-07-16,140.3
1929-07-23,144
1929-07-30,133.7
1929-08-06,139.4
1929-08-13,126.3
1929-08-20,111.6
1929-08-27,92.3
1929-09-03,102.3
1929-09-10,77.9
1929-09-17,68.4
1929-09-24,67
1929-10-01,56.5
1929-10-08,42.9
1929-10-15,37
1929-10-22,19.7
1929-10-29,20
1929-11-05,36.2
1929-11-12,34.6
1929-11-19,16.1
1929-11-26,30.8
1929-12-03,16.7
1929-12-10,12.8
1929-12-17,22.8
1929-12-24,44.4
1930-01-01,36.7
1930-01-08,19.2
1930-01-15,24.7
1930-01-22,23.8
1930-01-29,34.2
1930-02-05,37
1930-02-12,35
1930-02-19,101.7
1930-02-26,64.8
1930-03-05,65.1
1930-03-12,67.9
1930-03-19,60.8
1930-03-26,87.1
1930-04-02,101.8
1930-04-09,70.6
1930-04-16,75.6
1930-04-23,69.1
1930-04-30,103.1
1930-05-07,114.9
1930-05-14,130.2
1930-05-21,181.4
1930-05-28,220.9
1930-06-04,363.9
1930-06-11,431.1
1930-06-18,315.4
1930-06-25,355.3
1930-07-02,312.3
1930-07-09,298.4
1930-07-16,326
1930-07-23,235.4
1930-07-30,176.4
1930-08-06,148.6
1930-08-13,160.3
1930-08-20,140.7
1930-08-27,88.4
1930-09-03,92.3
1930-09-10,101.2
1930-09-17,90.1
1930-09-24,85.8
1930-10-01,84.7
1930-10-08,65.8
1930-10-15,46.5
1930-10-22,58.2
1930-10-29,41.5
1930-11-05,41.6
1930-11-12,42
1930-11-19,35.3
1930-11-26,42.8
1930-12-03,42.2
1930-12-10,35.2
1930-12-17,33.3
1930-12-24,46.8
1931-01-01,36.7
1931-01-08,19.6
1931-01-15,24
1931-01-22,28.4
1931-01-29,25.3
1931-02-05,17.9
1931-02-12,30
1931-02-19,28.4
1931-02-26,34.6
1931-03-05,32.6
1931-03-12,34.7
1931-03-19,55.2
1931-03-26,52.1
1931-04-02,77.6
1931-04-09,66.1
1931-04-16,46.2
1931-04-23,39.8
1931-04-30,21.3
1931-05-07,31
1931-05-14,61.3
1931-05-21,107.9
1931-05-28,70.4
1931-06-04,184.9
1931-06-11,268.2
1931-06-18,307.9
1931-06-25,227.5
1931-07-02,180
1931-07-09,180.2
1931-07-16,151.7
1931-07-23,137.6
1931-07-30,118.6
1931-08-06,111.4
1931-08-13,86.6
1931-08-20,85.6
1931-08-27,92.7
1931-09-03,75.8
1931-09-10,114
1931-09-17,74.7
1931-09-24,72
1931-10-01,85.7
1931-10-08,79.9
1931-10-15,67.9
1931-10-22,71.3
1931-10-29,46.2
1931-11-05,44.1
1931-11-12,36.3
1931-11-19,40.2
1931-11-26,32.5
1931-12-03,23.2
1931-12-10,10.5
1931-12-17,22.7
1931-12-24,33.6
1932-01-01,42.1
1932-01-08,27.9
1932-01-15,28.7
1932-01-22,23.3
1932-01-29,30.2
1932-02-05,22
1932-02-12,25.5
1932-02-19,29
1932-02-26,45.4
1932-03-04,35.8
1932-03-11,21.3
1932-03-18,28.9
1932-03-25,45.1
1932-04-01,59.2
1932-04-08,49.9
1932-04-15,53
1932-04-22,58.5
1932-04-29,77
1932-05-06,131.5
1932-05-13,202.4
1932-05-20,261.3
1932-05-27,246
1932-06-03,1180
1932-06-10,533.5
1932-06-17,487.2
1932-06-24,404.5
1932-07-01,331.7
1932-07-08,250.3
1932-07-15,174.8
1932-07-22,159.8
1932-07-29,153.9
1932-08-05,117.8
1932-08-12,136.4
1932-08-19,142.1
1932-08-26,170.1
1932-09-02,167.1
1932-09-09,139.1
1932-09-16,115.4
1932-09-23,90.9
1932-09-30,95.8
1932-10-07,89.3
1932-10-14,101.5
1932-10-21,81.1
1932-10-28,70.8
1932-11-04,64.2
1932-11-11,36.4
1932-11-18,33.5
1932-11-25,62.1
1932-12-02,43
1932-12-09,17.4
1932-12-16,29.1
1932-12-23,42.8
1933-01-01,35.8
1933-01-08,37
1933-01-15,35.1
1933-01-22,32.2
1933-01-29,36.2
1933-02-05,36.3
1933-02-12,25.6
1933-02-19,26.3
1933-02-26,31.8
1933-03-05,28
1933-03-12,31.8
1933-03-19,47.7
1933-03-26,58.3
1933-04-02,79.9
1933-04-09,61.7
1933-04-16,65.2
1933-04-23,164.5
1933-04-30,130.6
1933-05-07,162.3
1933-05-14,188.2
1933-05-21,218.6
1933-05-28,280.2
1933-06-04,328.9
1933-06-11,269.6
1933-06-18,511.1
1933-06-25,379.3
1933-07-02,362.6
1933-07-09,263
1933-07-16,219.5
1933-07-23,152.2
1933-07-30,146.5
1933-08-06,120.1
1933-08-13,129.6
1933-08-20,118
1933-08-27,100.1
1933-09-03,98.3
1933-09-10,81.7
1933-09-17,76.6
1933-09-24,71.8
1933-10-01,73.9
1933-10-08,61.8
1933-10-15,53.5
1933-10-22,40.9
1933-10-29,50.6
1933-11-05,47.4
1933-11-12,56
1933-11-19,26.3
1933-11-26,33.6
1933-12-03,41
1933-12-10,32.3
1933-12-17,13.9
1933-12-24,31.6
1934-01-01,34.2
1934-01-08,40.1
1934-01-15,34.1
1934-01-22,34
1934-01-29,31.4
1934-02-05,33.1
1934-02-12,37.6
1934-02-19,26
1934-02-26,15.5
1934-03-05,23.3
1934-03-12,28.1
1934-03-19,35
1934-03-26,30.3
1934-04-02,56.3
1934-04-09,45.1
1934-04-16,47.3
1934-04-23,90.1
1934-04-30,197.3
1934-05-07,160
1934-05-14,214.5
1934-05-21,249.5
1934-05-28,456
1934-06-04,324.1
1934-06-11,347.6
1934-06-18,273.8
1934-06-25,186.8
1934-07-02,194.2
1934-07-09,208.9
1934-07-16,158.7
1934-07-23,146.5
1934-07-30,150
1934-08-06,125.7
1934-08-13,106.8
1934-08-20,100.5
1934-08-27,94.1
1934-09-03,89.9
1934-09-10,81.3
1934-09-17,73.5
1934-09-24,65
1934-10-01,53.8
1934-10-08,52
1934-10-15,62
1934-10-22,55.7
1934-10-29,51.2
1934-11-05,45.9
1934-11-12,44.9
1934-11-19,44.8
1934-11-26,40.5
1934-12-03,38.6
1934-12-10,35.2
1934-12-17,35.6
1934-12-24,19.8
1935-01-01,14.4
1935-01-08,30.6
1935-01-15,21.5
1935-01-22,24.4
1935-01-29,41.8
1935-02-05,39.9
1935-02-12,27.3
1935-02-19,30.9
1935-02-26,32.5
1935-03-05,22.5
1935-03-12,17.8
1935-03-19,49.2
1935-03-26,26.5
1935-04-02,19.5
1935-04-09,66.8
1935-04-16,138
1935-04-23,103.9
1935-04-30,53.9
1935-05-07,64.9
1935-05-14,75.2
1935-05-21,182.4
1935-05-28,240.9
1935-06-04,285
1935-06-11,341.9
1935-06-18,469.8
1935-06-25,302.3
1935-07-02,294.2
1935-07-09,270.6
1935-07-16,298.6
1935-07-23,266.4
1935-07-30,254.4
1935-08-06,217.8
1935-08-13,168.3
1935-08-20,114.9
1935-08-27,101.5
1935-09-03,91.1
1935-09-10,95.1
1935-09-17,69.5
1935-09-24,68.6
1935-10-01,53.2
1935-10-08,52.7
1935-10-15,58.8
1935-10-22,68.1
1935-10-29,18.8
1935-11-05,36.7
1935-11-12,32.2
1935-11-19,35.3
1935-11-26,40
1935-12-03,31.7
1935-12-10,26.2
1935-12-17,15.3
1935-12-24,15.9
1936-01-01,27.6
1936-01-08,18.6
1936-01-15,30.4
1936-01-22,25
1936-01-29,19.5
1936-02-05,15.1
1936-02-12,8.1
1936-02-19,14.6
1936-02-26,21.4
1936-03-04,44.8
1936-03-11,83.9
1936-03-18,77.4
1936-03-25,36.7
1936-04-01,49.9
1936-04-08,153.9
1936-04-15,149.9
1936-04-22,102.3
1936-04-29,68.5
1936-05-06,107.7
1936-05-13,141.5
1936-05-20,171.9
1936-05-27,245.3
1936-06-03,395.4
1936-06-10,255.6
1936-06-17,228.1
1936-06-24,169
1936-07-01,149.1
1936-07-08,140.5
1936-07-15,127.1
1936-07-22,123.8
1936-07-29,105.7
1936-08-05,104.4
1936-08-12,103
1936-08-19,106.7
1936-08-26,91
1936-09-02,87.2
1936-09-09,78.1
1936-09-16,60.2
1936-09-23,59.7
1936-09-30,56.6
1936-10-07,36.4
1936-10-14,42.6
1936-10-21,37.2
1936-10-28,26
1936-11-04,15.3
1936-11-11,18.9
1936-11-18,33
1936-11-25,18.7
1936-12-02,2.2
1936-12-09,2
1936-12-16,19.6
1936-12-23,22.5
1937-01-01,4.4
1937-01-08,2.5
1937-01-15,2.8
1937-01-22,11.7
1937-01-29,12.1
1937-02-05,13.2
1937-02-12,18.9
1937-02-19,19.3
1937-02-26,23.2
1937-03-05,26
1937-03-12,31.1
1937-03-19,38.6
1937-03-26,35.1
1937-04-02,44.5
1937-04-09,89
1937-04-16,72.1
1937-04-23,46.3
1937-04-30,47.9
1937-05-07,87
1937-05-14,78.5
1937-05-21,77.9
1937-05-28,145.9
1937-06-04,199.4
1937-06-11,285.8
1937-06-18,330.9
1937-06-25,201.5
1937-07-02,189.2
1937-07-09,162.7
1937-07-16,232.1
1937-07-23,173.5
1937-07-30,171.6
1937-08-06,170.6
1937-08-13,127.8
1937-08-20,107.8
1937-08-27,88.3
1937-09-03,78.1
1937-09-10,75.5
1937-09-17,77.3
1937-09-24,77.3
1937-10-01,68.3
1937-10-08,47.1
1937-10-15,50.7
1937-10-22,65.2
1937-10-29,76
1937-11-05,77
1937-11-12,48.6
1937-11-19,37.2
1937-11-26,36.5
1937-12-03,30.6
1937-12-10,34.7
1937-12-17,37.1
1937-12-24,28.2
1938-01-01,39.6
1938-01-08,35.1
1938-01-15,33.2
1938-01-22,24.3
1938-01-29,27
1938-02-05,10.1
1938-02-12,17.4
1938-02-19,16.5
1938-02-26,24.6
1938-03-05,5
1938-03-12,26.1
1938-03-19,69.4
1938-03-26,74.3
1938-04-02,96.7
1938-04-09,163.6
1938-04-16,100.5
1938-04-23,64.2
1938-04-30,77.9
1938-05-07,83.1
1938-05-14,115.6
1938-05-21,248.7
1938-05-28,399.8
1938-06-04,347.8
1938-06-11,372.9
1938-06-18,428.8
1938-06-25,438.3
1938-07-02,441.4
1938-07-09,333.5
1938-07-16,238.6
1938-07-23,205
1938-07-30,165.5
1938-08-06,147.4
1938-08-13,130.3
1938-08-20,106.7
1938-08-27,100.5
1938-09-03,111.5
1938-09-10,122
1938-09-17,97.8
1938-09-24,106.7
1938-10-01,94.2
1938-10-08,87.6
1938-10-15,86.1
1938-10-22,84.1
1938-10-29,76.7
1938-11-05,55.8
1938-11-12,36.9
1938-11-19,35.9
1938-11-26,22.9
1938-12-03,32.9
1938-12-10,33
1938-12-17,21.5
1938-12-24,15.7
1939-01-01,13.4
1939-01-08,26.9
1939-01-15,20.2
1939-01-22,17.1
1939-01-29,16.5
1939-02-05,12.3
1939-02-12,6.6
1939-02-19,17.9
1939-02-26,22.8
1939-03-05,14.6
1939-03-12,14.7
1939-03-19,72.3
1939-03-26,97.1
1939-04-02,70
1939-04-09,68.1
1939-04-16,59.8
1939-04-23,54.4
1939-04-30,67.6
1939-05-07,75.8
1939-05-14,87
1939-05-21,160.8
1939-05-28,192.6
1939-06-04,188.5
1939-06-11,261.5
1939-06-18,491.7
1939-06-25,451.9
1939-07-02,398.6
1939-07-09,273
1939-07-16,230.6
1939-07-23,148
1939-07-30,158.3
1939-08-06,134
1939-08-13,115
1939-08-20,101.2
1939-08-27,94.8
1939-09-03,76.8
1939-09-10,79.8
1939-09-17,76.7
1939-09-24,75.3
1939-10-01,66.9
1939-10-08,58.4
1939-10-15,53.5
1939-10-22,40.5
1939-10-29,78.6
1939-11-05,55.4
1939-11-12,56
1939-11-19,44.6
1939-11-26,41.7
1939-12-03,40.8
1939-12-10,27.3
1939-12-17,23.6
1939-12-24,14.3
1940-01-01,9.8
1940-01-08,21.4
1940-01-15,14.8
1940-01-22,6.8
1940-01-29,16.6
1940-02-05,24.7
1940-02-12,25.8
1940-02-19,26.4
1940-02-26,26
1940-03-04,42.8
1940-03-11,65.4
1940-03-18,34.5
1940-03-25,65.9
1940-04-01,51
1940-04-08,52.6
1940-04-15,185.6
1940-04-22,146.8
1940-04-29,137.1
1940-05-06,117.9
1940-05-13,154
1940-05-20,181.6
1940-05-27,288.7
1940-06-03,239.1
1940-06-10,215.4
1940-06-17,227.7
1940-06-24,189.9
1940-07-01,165.4
1940-07-08,174.9
1940-07-15,186.6
1940-07-22,168.4
1940-07-29,166.6
1940-08-05,109.1
1940-08-12,94.9
1940-08-19,82.4
1940-08-26,85.5
1940-09-02,90.6
1940-09-09,151.4
1940-09-16,163.2
1940-09-23,138.1
1940-09-30,122.6
1940-10-07,95.6
1940-10-14,62.7
1940-10-21,65.4
1940-10-28,71.6
1940-11-04,54.7
1940-11-11,25.3
1940-11-18,30.6
1940-11-25,47.2
1940-12-02,38.8
1940-12-09,39.3
1940-12-16,11.5
1940-12-23,33.1
1941-01-01,22.7
1941-01-08,9.9
1941-01-15,29.9
1941-01-22,24.1
1941-01-29,11.8
1941-02-05,31.7
1941-02-12,28.1
1941-02-19,21.3
1941-02-26,5.2
1941-03-05,28.6
1941-03-12,42.9
1941-03-19,88.3
1941-03-26,141.2
1941-04-02,83.7
1941-04-09,72.3
1941-04-16,44.1
1941-04-23,43.8
1941-04-30,47.3
1941-05-07,54.7
1941-05-14,65.6
1941-05-21,90
1941-05-28,132.1
1941-06-04,253.6
1941-06-11,199.5
1941-06-18,159
1941-06-25,137
1941-07-02,130.1
1941-07-09,120.3
1941-07-16,123.7
1941-07-23,124.4
1941-07-30,96.3
1941-08-06,94.5
1941-08-13,92.1
1941-08-20,97.2
1941-08-27,145.1
1941-09-03,97.6
1941-09-10,107.7
1941-09-17,79.9
1941-09-24,99.4
1941-10-01,78.3
1941-10-08,61.7
1941-10-15,70.6
1941-10-22,65.4
1941-10-29,55.9
1941-11-05,56.6
1941-11-12,49.9
1941-11-19,40.1
1941-11-26,18.1
1941-12-03,50.5
1941-12-10,23.3
1941-12-17,24.4
1941-12-24,29.7
1942-01-01,15.3
1942-01-08,6
1942-01-15,18.8
1942-01-22,27.5
1942-01-29,41.5
1942-02-05,24.2
1942-02-12,16.5
1942-02-19,22.7
1942-02-26,26.6
1942-03-05,30.9
1942-03-12,27.4
1942-03-19,18.7
1942-03-26,38.9
1942-04-02,55.8
1942-04-09,56.1
1942-04-16,64.8
1942-04-23,49.7
1942-04-30,32.8
1942-05-07,159.3
1942-05-14,360.3
1942-05-21,337.9
1942-05-28,460.8
1942-06-04,265.3
1942-06-11,418.9
1942-06-18,304
1942-06-25,479.6
1942-07-02,504.9
1942-07-09,406.5
1942-07-16,316.6
1942-07-23,263.4
1942-07-30,356.3
1942-08-06,258.8
1942-08-13,231.2
1942-08-20,191.1
1942-08-27,171.8
1942-09-03,191.5
1942-09-10,164.4
1942-09-17,171.8
1942-09-24,160.3
1942-10-01,145.6
1942-10-08,119.3
1942-10-15,115.1
1942-10-22,104.2
1942-10-29,71.3
1942-11-05,47.5
1942-11-12,41.7
1942-11-19,43.2
1942-11-26,42.6
1942-12-03,26.4
1942-12-10,20.1
1942-12-17,37.8
1942-12-24,20.9
1943-01-01,21.9
1943-01-08,24.5
1943-01-15,28.4
1943-01-22,9.3
1943-01-29,21.6
1943-02-05,28.3
1943-02-12,21.4
1943-02-19,72.9
1943-02-26,39.8
1943-03-05,16.5
1943-03-12,27.5
1943-03-19,45.7
1943-03-26,134.2
1943-04-02,208.4
1943-04-09,230.5
1943-04-16,108.5
1943-04-23,90.3
1943-04-30,47.8
1943-05-07,56.1
1943-05-14,60.5
1943-05-21,124.6
1943-05-28,198.5
1943-06-04,186.4
1943-06-11,196.2
1943-06-18,224.8
1943-06-25,244
1943-07-02,374.8
1943-07-09,361.9
1943-07-16,339.8
1943-07-23,293.2
1943-07-30,212.7
1943-08-06,190.6
1943-08-13,157.3
1943-08-20,128.3
1943-08-27,111.8
1943-09-03,97.9
1943-09-10,73.1
1943-09-17,75.1
1943-09-24,71.4
1943-10-01,56.9
1943-10-08,56.9
1943-10-15,51
1943-10-22,47.1
1943-10-29,48.5
1943-11-05,31.6
1943-11-12,27.5
1943-11-19,25.4
1943-11-26,24.4
1943-12-03,31.1
1943-12-10,28.2
1943-12-17,17.4
1943-12-24,27.4
1944-01-01,28.7
1944-01-08,25.8
1944-01-15,32.2
1944-01-22,28
1944-01-29,15.2
1944-02-05,26.9
1944-02-12,22.5
1944-02-19,21
1944-02-26,21.4
1944-03-04,17.5
1944-03-11,32
1944-03-18,33.9
1944-03-25,22.8
1944-04-01,45.3
1944-04-08,68.4
1944-04-15,39.4
1944-04-22,15.1
1944-04-29,22.5
1944-05-06,43.5
1944-05-13,49.6
1944-05-20,123.9
1944-05-27,134.6
1944-06-03,211.2
1944-06-10,245.1
1944-06-17,236
1944-06-24,197.5
1944-07-01,165.6
1944-07-08,135.9
1944-07-15,125.4
1944-07-22,124.1
1944-07-29,153.5
1944-08-05,160.6
1944-08-12,157.5
1944-08-19,151.7
1944-08-26,113.2
1944-09-02,108.1
1944-09-09,95.8
1944-09-16,85.6
1944-09-23,68.5
1944-09-30,77.7
1944-10-07,59.3
1944-10-14,50.8
1944-10-21,46.4
1944-10-28,51.1
1944-11-04,44.8
1944-11-11,32.4
1944-11-18,21.9
1944-11-25,27.1
1944-12-02,33.1
1944-12-09,30.1
1944-12-16,20.6
1944-12-23,15.3
1945-01-01,18.5
1945-01-08,24.9
1945-01-15,28.1
1945-01-22,15.6
1945-01-29,14.2
1945-02-05,23.1
1945-02-12,25.5
1945-02-19,10
1945-02-26,23.9
1945-03-05,18.3
1945-03-12,27.1
1945-03-19,83.7
1945-03-26,70.5
1945-04-02,42.8
1945-04-09,37.5
1945-04-16,42
1945-04-23,48.5
1945-04-30,21.7
1945-05-07,61.9
1945-05-14,66.9
1945-05-21,157.2
1945-05-28,389.7
1945-06-04,374.3
1945-06-11,366.5
1945-06-18,364.4
1945-06-25,481.1
1945-07-02,441.1
1945-07-09,281.4
1945-07-16,253.3
1945-07-23,178.8
1945-07-30,163
1945-08-06,138.4
1945-08-13,138.9
1945-08-20,116.2
1945-08-27,148.2
1945-09-03,129.1
1945-09-10,115
1945-09-17,112.2
1945-09-24,112.9
1945-10-01,100.8
1945-10-08,99.1
1945-10-15,89.7
1945-10-22,88
1945-10-29,77.2
1945-11-05,27.9
1945-11-12,19.2
1945-11-19,27.8
1945-11-26,43.8
1945-12-03,43.7
1945-12-10,32.7
1945-12-17,28.7
1945-12-24,38.8
1946-01-01,45.2
1946-01-08,38.8
1946-01-15,41.3
1946-01-22,32.7
1946-01-29,29.1
1946-02-05,31.4
1946-02-12,31.2
1946-02-19,31.5
1946-02-26,36.4
1946-03-05,50.2
1946-03-12,75.5
1946-03-19,76.8
1946-03-26,74.4
1946-04-02,62.7
1946-04-09,41.3
1946-04-16,43.8
1946-04-23,49
1946-04-30,68.4
1946-05-07,95.3
1946-05-14,160
1946-05-21,179.8
1946-05-28,426.2
1946-06-04,440.4
1946-06-11,392.7
1946-06-18,340.4
1946-06-25,370.7
1946-07-02,275.3
1946-07-09,263.9
1946-07-16,219.6
1946-07-23,172.9
1946-07-30,155.2
1946-08-06,135.2
1946-08-13,124.1
1946-08-20,121
1946-08-27,176.5
1946-09-03,182.2
1946-09-10,169.6
1946-09-17,134
1946-09-24,104.6
1946-10-01,114.2
1946-10-08,91.9
1946-10-15,81.1
1946-10-22,69.8
1946-10-29,51.5
1946-11-05,54.2
1946-11-12,43.6
1946-11-19,24
1946-11-26,60.6
1946-12-03,73.6
1946-12-10,52.8
1946-12-17,40.4
1946-12-24,54.5
1947-01-01,34.1
1947-01-08,43.9
1947-01-15,27.7
1947-01-22,44.9
1947-01-29,28
1947-02-05,24
1947-02-12,32.4
1947-02-19,82.3
1947-02-26,37.4
1947-03-05,6.9
1947-03-12,35.3
1947-03-19,254.9
1947-03-26,193.4
1947-04-02,128.5
1947-04-09,101.6
1947-04-16,110.8
1947-04-23,127.2
1947-04-30,182
1947-05-07,297
1947-05-14,388.3
1947-05-21,233.9
1947-05-28,296
1947-06-04,453
1947-06-11,544.4
1947-06-18,386.2
1947-06-25,411.2
1947-07-02,314.2
1947-07-09,294.7
1947-07-16,266.9
1947-07-23,214.7
1947-07-30,167.6
1947-08-06,176.1
1947-08-13,118.6
1947-08-20,119.5
1947-08-27,154.6
1947-09-03,131.6
1947-09-10,115.2
1947-09-17,118.9
1947-09-24,167.5
1947-10-01,136.9
1947-10-08,139.7
1947-10-15,136.1
1947-10-22,129.5
1947-10-29,100
1947-11-05,81.9
1947-11-12,68.2
1947-11-19,29.1
1947-11-26,30.8
1947-12-03,35.3
1947-12-10,36.1
1947-12-17,45.1
1947-12-24,52.7
1948-01-01,43.6
1948-01-08,30
1948-01-15,25
1948-01-22,23.3
1948-01-29,22.4
1948-02-05,11.3
1948-02-12,11.9
1948-02-19,24.7
1948-02-26,36.8
1948-03-04,38.5
1948-03-11,49.2
1948-03-18,66.4
1948-03-25,63.5
1948-04-01,96.9
1948-04-08,74.6
1948-04-15,226.4
1948-04-22,524.1
1948-04-29,254.5
1948-05-06,380.5
1948-05-13,321
1948-05-20,591.8
1948-05-27,884
1948-06-03,649.1
1948-06-10,584.5
1948-06-17,333.4
1948-06-24,629.3
1948-07-01,398.1
1948-07-08,265.2
1948-07-15,252
1948-07-22,230.3
1948-07-29,317.5
1948-08-05,256.6
1948-08-12,238.7
1948-08-19,191
1948-08-26,156.8
1948-09-02,117
1948-09-09,109.7
1948-09-16,99.1
1948-09-23,72.4
1948-09-30,67.8
1948-10-07,66.2
1948-10-14,59.9
1948-10-21,61.2
1948-10-28,58.5
1948-11-04,41.9
1948-11-11,49.3
1948-11-18,31.1
1948-11-25,31.1
1948-12-02,13.6
1948-12-09,13.9
1948-12-16,23
1948-12-23,46.3
1949-01-01,53.6
1949-01-08,46.2
1949-01-15,40.7
1949-01-22,22.7
1949-01-29,14.9
1949-02-05,18.9
1949-02-12,24.2
1949-02-19,32.8
1949-02-26,38.6
1949-03-05,31.9
1949-03-12,20.6
1949-03-19,23.1
1949-03-26,17.9
1949-04-02,81.2
1949-04-09,128.7
1949-04-16,94.2
1949-04-23,59.5
1949-04-30,48.7
1949-05-07,44.5
1949-05-14,189.2
1949-05-21,225.4
1949-05-28,236.7
1949-06-04,260.1
1949-06-11,209.2
1949-06-18,151
1949-06-25,156.7
1949-07-02,124
1949-07-09,110.2
1949-07-16,126.4
1949-07-23,117.9
1949-07-30,109.7
1949-08-06,105.7
1949-08-13,88.3
1949-08-20,66.2
1949-08-27,64.3
1949-09-03,63
1949-09-10,69.4
1949-09-17,67.5
1949-09-24,57.3
1949-10-01,60.6
1949-10-08,44.9
1949-10-15,46.4
1949-10-22,51.7
1949-10-29,44.9
1949-11-05,45.5
1949-11-12,39
1949-11-19,37.7
1949-11-26,34.1
1949-12-03,9.5
1949-12-10,13.9
1949-12-17,11.3
1949-12-24,8.3
1950-01-01,19.3
1950-01-08,26.2
1950-01-15,22.8
1950-01-22,26.8
1950-01-29,29.1
1950-02-05,39.8
1950-02-12,38.1
1950-02-19,36.2
1950-02-26,40.1
1950-03-05,41.1
1950-03-12,45.9
1950-03-19,48.4
1950-03-26,83.2
1950-04-02,152.7
1950-04-09,92.6
1950-04-16,108.4
1950-04-23,56.3
1950-04-30,41.2
1950-05-07,42.3
1950-05-14,134.1
1950-05-21,120.9
1950-05-28,149.4
1950-06-04,184.1
1950-06-11,336
1950-06-18,683.2
1950-06-25,488.4
1950-07-02,443
1950-07-09,375.9
1950-07-16,277.4
1950-07-23,219.8
1950-07-30,218.4
1950-08-06,174.3
1950-08-13,168.8
1950-08-20,132.9
1950-08-27,131.7
1950-09-03,117.8
1950-09-10,97.2
1950-09-17,80.8
1950-09-24,68.2
1950-10-01,67.7
1950-10-08,70.7
1950-10-15,57.9
1950-10-22,70.8
1950-10-29,50
1950-11-05,25.7
1950-11-12,11.7
1950-11-19,10
1950-11-26,16
1950-12-03,15.5
1950-12-10,36.2
1950-12-17,29.7
1950-12-24,33.8
1951-01-01,32.3
1951-01-08,19
1951-01-15,24.7
1951-01-22,18.2
1951-01-29,7
1951-02-05,16.4
1951-02-12,27.8
1951-02-19,35.5
1951-02-26,34.7
1951-03-05,32.7
1951-03-12,27.3
1951-03-19,31.8
1951-03-26,155.5
1951-04-02,261.7
1951-04-09,99.7
1951-04-16,54.3
1951-04-23,67
1951-04-30,179.1
1951-05-07,190.6
1951-05-14,397.9
1951-05-21,380.1
1951-05-28,289.1
1951-06-04,310.9
1951-06-11,591.3
1951-06-18,581.3
1951-06-25,580.9
1951-07-02,614.9
1951-07-09,710.8
1951-07-16,615.9
1951-07-23,405.1
1951-07-30,301.1
1951-08-06,213.1
1951-08-13,223.8
1951-08-20,179.9
1951-08-27,448.2
1951-09-03,542
1951-09-10,337
1951-09-17,194.7
1951-09-24,169.3
1951-10-01,205.7
1951-10-08,186.8
1951-10-15,175.6
1951-10-22,148.5
1951-10-29,155
1951-11-05,144.2
1951-11-12,95.3
1951-11-19,86.2
1951-11-26,114.2
1951-12-03,50.7
1951-12-10,54.7
1951-12-17,48.3
1951-12-24,66
1952-01-01,62.8
1952-01-08,65.2
1952-01-15,56.5
1952-01-22,41.5
1952-01-29,45.7
1952-02-05,64.7
1952-02-12,61.9
1952-02-19,51
1952-02-26,41.6
1952-03-04,37.1
1952-03-11,36.4
1952-03-18,32.7
1952-03-25,263
1952-04-01,426.3
1952-04-08,355
1952-04-15,274.5
1952-04-22,176.4
1952-04-29,153.1
1952-05-06,117.2
1952-05-13,209.6
1952-05-20,325.1
1952-05-27,293.6
1952-06-03,283.6
1952-06-10,424.5
1952-06-17,337.4
1952-06-24,622.5
1952-07-01,452.7
1952-07-08,322.8
1952-07-15,320.2
1952-07-22,327.1
1952-07-29,232.2
1952-08-05,223.8
1952-08-12,260.6
1952-08-19,197.6
1952-08-26,143
1952-09-02,116.5
1952-09-09,102.1
1952-09-16,123.1
1952-09-23,93.5
1952-09-30,101.4
1952-10-07,81.2
1952-10-14,76.7
1952-10-21,85.4
1952-10-28,67.5
1952-11-04,59.9
1952-11-11,54.7
1952-11-18,49.5
1952-11-25,13.2
1952-12-02,39.8
1952-12-09,38.4
1952-12-16,28.5
1952-12-23,24.6
1953-01-01,28.4
1953-01-08,16.9
1953-01-15,15.3
1953-01-22,38.7
1953-01-29,45.9
1953-02-05,34.9
1953-02-12,42.1
1953-02-19,46.1
1953-02-26,26.1
1953-03-05,24.4
1953-03-12,41.6
1953-03-19,45.1
1953-03-26,60.9
1953-04-02,89.7
1953-04-09,75.8
1953-04-16,64
1953-04-23,157.3
1953-04-30,187.5
1953-05-07,190.7
1953-05-14,160.3
1953-05-21,249.8
1953-05-28,335.2
1953-06-04,767.9
1953-06-11,899.7
1953-06-18,600.5
1953-06-25,445.7
1953-07-02,521.5
1953-07-09,463.4
1953-07-16,445.6
1953-07-23,288.8
1953-07-30,219.1
1953-08-06,198.6
1953-08-13,206.3
1953-08-20,167.6
1953-08-27,153.1
1953-09-03,150.8
1953-09-10,124.6
1953-09-17,103.8
1953-09-24,93.2
1953-10-01,96.5
1953-10-08,87.9
1953-10-15,85.4
1953-10-22,88.3
1953-10-29,62.2
1953-11-05,68.7
1953-11-12,55.1
1953-11-19,39.8
1953-11-26,50.9
1953-12-03,46.8
1953-12-10,36.2
1953-12-17,23.6
1953-12-24,34.3
1954-01-01,43.1
1954-01-08,40.3
1954-01-15,23.7
1954-01-22,10.6
1954-01-29,37.7
1954-02-05,61.3
1954-02-12,47
1954-02-19,68.3
1954-02-26,42.6
1954-03-05,43.8
1954-03-12,31.2
1954-03-19,39.4
1954-03-26,16.3
1954-04-02,15.6
1954-04-09,116.1
1954-04-16,170.1
1954-04-23,66.8
1954-04-30,35.1
1954-05-07,148.4
1954-05-14,260.6
1954-05-21,357.9
1954-05-28,398.9
1954-06-04,440.9
1954-06-11,481.1
1954-06-18,393.9
1954-06-25,490.3
1954-07-02,584.9
1954-07-09,541.7
1954-07-16,401.8
1954-07-23,309
1954-07-30,218.8
1954-08-06,242.9
1954-08-13,198.2
1954-08-20,258.8
1954-08-27,441.6
1954-09-03,270.3
1954-09-10,191
1954-09-17,188.4
1954-09-24,149
1954-10-01,137.6
1954-10-08,152.7
1954-10-15,106.8
1954-10-22,119.3
1954-10-29,88.6
1954-11-05,75.6
1954-11-12,73.2
1954-11-19,52.3
1954-11-26,60.7
1954-12-03,12.4
1954-12-10,34.6
1954-12-17,33.7
1954-12-24,13.9
1955-01-01,15.3
1955-01-08,22
1955-01-15,34.6
1955-01-22,43
1955-01-29,53.4
1955-02-05,30.8
1955-02-12,27.7
1955-02-19,14.1
1955-02-26,10.9
1955-03-05,24.5
1955-03-12,43.1
1955-03-19,36.8
1955-03-26,48.3
1955-04-02,153.3
1955-04-09,133.9
1955-04-16,75.1
1955-04-23,77.7
1955-04-30,112.8
1955-05-07,88
1955-05-14,114.1
1955-05-21,281.5
1955-05-28,231.4
1955-06-04,225.4
1955-06-11,415.4
1955-06-18,371.2
1955-06-25,476.6
1955-07-02,381.7
1955-07-09,392.3
1955-07-16,392
1955-07-23,295.2
1955-07-30,206.5
1955-08-06,167.9
1955-08-13,146.8
1955-08-20,134.1
1955-08-27,134.6
1955-09-03,96.4
1955-09-10,106.5
1955-09-17,96.7
1955-09-24,91.2
1955-10-01,74.4
1955-10-08,66.9
1955-10-15,76.8
1955-10-22,74.5
1955-10-29,86.2
1955-11-05,62.8
1955-11-12,21.6
1955-11-19,29.7
1955-11-26,35
1955-12-03,56.2
1955-12-10,53.4
1955-12-17,23.7
1955-12-24,38.5
1956-01-01,65.9
1956-01-08,48.9
1956-01-15,38.9
1956-01-22,42.3
1956-01-29,31.3
1956-02-05,31.9
1956-02-12,33.2
1956-02-19,24.4
1956-02-26,25.9
1956-03-04,29.2
1956-03-11,40.1
1956-03-18,104.8
1956-03-25,198.5
1956-04-01,129.9
1956-04-08,115.7
1956-04-15,124.7
1956-04-22,90.9
1956-04-29,68.7
1956-05-06,68.9
1956-05-13,143.2
1956-05-20,408.6
1956-05-27,469.3
1956-06-03,548
1956-06-10,414
1956-06-17,386.5
1956-06-24,317.8
1956-07-01,331
1956-07-08,317.1
1956-07-15,344.3
1956-07-22,278.8
1956-07-29,232.2
1956-08-05,182.5
1956-08-12,150.7
1956-08-19,139.6
1956-08-26,148.6
1956-09-02,124.4
1956-09-09,98.8
1956-09-16,89.4
1956-09-23,85.8
1956-09-30,79
1956-10-07,72.1
1956-10-14,66.5
1956-10-21,71.9
1956-10-28,52.8
1956-11-04,51.8
1956-11-11,38.2
1956-11-18,13.7
1956-11-25,13.5
1956-12-02,19.7
1956-12-09,11.6
1956-12-16,38.1
1956-12-23,55.7
1957-01-01,44.5
1957-01-08,25.7
1957-01-15,10.9
1957-01-22,36.1
1957-01-29,21.2
1957-02-05,19.5
1957-02-12,35.4
1957-02-19,27.2
1957-02-26,67.2
1957-03-05,61
1957-03-12,61
1957-03-19,63.9
1957-03-26,71
1957-04-02,57.4
1957-04-09,81.3
1957-04-16,82
1957-04-23,97.4
1957-04-30,136.2
1957-05-07,235.4
1957-05-14,308.6
1957-05-21,345.2
1957-05-28,284.8
1957-06-04,365.9
1957-06-11,375.2
1957-06-18,248.3
1957-06-25,251.2
1957-07-02,197.8
1957-07-09,182.5
1957-07-16,181.4
1957-07-23,148.5
1957-07-30,133.6
1957-08-06,125.1
1957-08-13,125.4
1957-08-20,114.9
1957-08-27,115.6
1957-09-03,89.2
1957-09-10,88.5
1957-09-17,90.4
1957-09-24,83.8
1957-10-01,78.2
1957-10-08,86.6
1957-10-15,74.1
1957-10-22,59.9
1957-10-29,57.6
1957-11-05,56.1
1957-11-12,47.7
1957-11-19,56.1
1957-11-26,56.1
1957-12-03,69.3
1957-12-10,71.8
1957-12-17,24.6
1957-12-24,8.4
1958-01-01,10.3
1958-01-08,41.1
1958-01-15,32.8
1958-01-22,30.7
1958-01-29,22.2
1958-02-05,27.9
1958-02-12,19
1958-02-19,39.1
1958-02-26,63.7
1958-03-05,41.8
1958-03-12,32.1
1958-03-19,21.6
1958-03-26,61.5
1958-04-02,211.3
1958-04-09,246.7
1958-04-16,159.6
1958-04-23,64.1
1958-04-30,85.4
1958-05-07,162.1
1958-05-14,265.9
1958-05-21,385.1
1958-05-28,436.1
1958-06-04,390.7
1958-06-11,361
1958-06-18,272.2
1958-06-25,278.8
1958-07-02,322.4
1958-07-09,400.9
1958-07-16,346.5
1958-07-23,268.4
1958-07-30,234.3
1958-08-06,178.3
1958-08-13,147.3
1958-08-20,142.8
1958-08-27,132.3
1958-09-03,106.1
1958-09-10,93.4
1958-09-17,120
1958-09-24,88.3
1958-10-01,78.1
1958-10-08,67.6
1958-10-15,81.9
1958-10-22,67.5
1958-10-29,54.9
1958-11-05,53
1958-11-12,64.9
1958-11-19,58.3
1958-11-26,57.7
1958-12-03,85.4
1958-12-10,12.6
1958-12-17,57.7
1958-12-24,48.8
1959-01-01,48.7
1959-01-08,8.1
1959-01-15,32.3
1959-01-22,16.9
1959-01-29,36.2
1959-02-05,41.9
1959-02-12,31
1959-02-19,22
1959-02-26,39.5
1959-03-05,41.6
1959-03-12,47.1
1959-03-19,42.9
1959-03-26,91.4
1959-04-02,66.6
1959-04-09,47.7
1959-04-16,39.9
1959-04-23,35.8
1959-04-30,50.8
1959-05-07,75.6
1959-05-14,99.9
1959-05-21,237.8
1959-05-28,227.1
1959-06-04,351.4
1959-06-11,338
1959-06-18,418.3
1959-06-25,521.8
1959-07-02,358.3
1959-07-09,240.4
1959-07-16,277.3
1959-07-23,260.5
1959-07-30,213.4
1959-08-06,163.6
1959-08-13,144.2
1959-08-20,138.5
1959-08-27,137.5
1959-09-03,125.3
1959-09-10,112.2
1959-09-17,152.8
1959-09-24,133.6
1959-10-01,100.2
1959-10-08,94.8
1959-10-15,93.5
1959-10-22,76.2
1959-10-29,75
1959-11-05,55.3
1959-11-12,54
1959-11-19,52.7
1959-11-26,56.1
1959-12-03,52.5
1959-12-10,45.5
1959-12-17,47.1
1959-12-24,46
1960-01-01,39
1960-01-08,30.4
1960-01-15,27
1960-01-22,26.8
1960-01-29,39.9
1960-02-05,43.3
1960-02-12,28.5
1960-02-19,35.3
1960-02-26,23
1960-03-04,20.3
1960-03-11,33.9
1960-03-18,76.6
1960-03-25,192.3
1960-04-01,89.1
1960-04-08,95
1960-04-15,73.3
1960-04-22,70.5
1960-04-29,66.2
1960-05-06,93.8
1960-05-13,193.8
1960-05-20,154.8
1960-05-27,123.8
1960-06-03,264
1960-06-10,279.9
1960-06-17,333.9
1960-06-24,313.8
1960-07-01,378.4
1960-07-08,317.9
1960-07-15,277.2
1960-07-22,240.5
1960-07-29,174.1
1960-08-05,228.1
1960-08-12,160.3
1960-08-19,130.7
1960-08-26,103.8
1960-09-02,90.2
1960-09-09,95.2
1960-09-16,86.1
1960-09-23,99.4
1960-09-30,86.2
1960-10-07,68.7
1960-10-14,70.3
1960-10-21,58.2
1960-10-28,57.9
1960-11-04,53.4
1960-11-11,32.4
1960-11-18,26
1960-11-25,24.3
1960-12-02,35.6
1960-12-09,40.1
1960-12-16,31.7
1960-12-23,35.5
1961-01-01,34.8
1961-01-08,43
1961-01-15,49
1961-01-22,32.5
1961-01-29,13.4
1961-02-05,43.2
1961-02-12,41.5
1961-02-19,26.9
1961-02-26,49.2
1961-03-05,39.7
1961-03-12,53.5
1961-03-19,68.3
1961-03-26,51.3
1961-04-02,48.9
1961-04-09,38.7
1961-04-16,33.4
1961-04-23,43.3
1961-04-30,39
1961-05-07,83.9
1961-05-14,90.7
1961-05-21,300
1961-05-28,613.9
1961-06-04,633.5
1961-06-11,451.9
1961-06-18,420.9
1961-06-25,271.1
1961-07-02,194.5
1961-07-09,159.1
1961-07-16,187.2
1961-07-23,190.4
1961-07-30,268
1961-08-06,175.3
1961-08-13,148.5
1961-08-20,187.1
1961-08-27,137.8
1961-09-03,118.7
1961-09-10,101.9
1961-09-17,90.2
1961-09-24,89
1961-10-01,76.1
1961-10-08,88.4
1961-10-15,117.1
1961-10-22,135.8
1961-10-29,96.8
1961-11-05,88.1
1961-11-12,57.9
1961-11-19,69.2
1961-11-26,17.3
1961-12-03,21.9
1961-12-10,40.2
1961-12-17,35.2
1961-12-24,49.3
1962-01-01,62.9
1962-01-08,54.1
1962-01-15,32.8
1962-01-22,32.8
1962-01-29,65.9
1962-02-05,73.1
1962-02-12,50
1962-02-19,33.9
1962-02-26,22.1
1962-03-05,23
1962-03-12,43.6
1962-03-19,81.6
1962-03-26,60.3
1962-04-02,105.3
1962-04-09,109.8
1962-04-16,119.6
1962-04-23,100.8
1962-04-30,74.1
1962-05-07,53.1
1962-05-14,77.9
1962-05-21,184.7
1962-05-28,277.4
1962-06-04,224.2
1962-06-11,264.7
1962-06-18,381.5
1962-06-25,348.7
1962-07-02,257
1962-07-09,234.4
1962-07-16,226.7
1962-07-23,188.1
1962-07-30,202.8
1962-08-06,184.1
1962-08-13,146.8
1962-08-20,129.2
1962-08-27,143.9
1962-09-03,127.4
1962-09-10,114.9
1962-09-17,81.7
1962-09-24,75.3
1962-10-01,74.7
1962-10-08,76.2
1962-10-15,74.8
1962-10-22,67.7
1962-10-29,57.7
1962-11-05,57.5
1962-11-12,54.3
1962-11-19,44.8
1962-11-26,34.6
1962-12-03,24.6
1962-12-10,48.5
1962-12-17,32.3
1962-12-24,10.7
1963-01-01,18.4
1963-01-08,44.5
1963-01-15,9.4
1963-01-22,23
1963-01-29,19.5
1963-02-05,26.7
1963-02-12,51.9
1963-02-19,52.7
1963-02-26,83.3
1963-03-05,65.7
1963-03-12,63.8
1963-03-19,62.6
1963-03-26,57.4
1963-04-02,41.5
1963-04-09,34.7
1963-04-16,42.6
1963-04-23,42.8
1963-04-30,51.4
1963-05-07,72.1
1963-05-14,69
1963-05-21,113.4
1963-05-28,265
1963-06-04,304.5
1963-06-11,419.2
1963-06-18,433.5
1963-06-25,349.7
1963-07-02,630.9
1963-07-09,400.9
1963-07-16,296.2
1963-07-23,232
1963-07-30,225.8
1963-08-06,187.9
1963-08-13,180.8
1963-08-20,156.7
1963-08-27,128.5
1963-09-03,108.4
1963-09-10,113.6
1963-09-17,131.7
1963-09-24,98.3
1963-10-01,87.1
1963-10-08,82.6
1963-10-15,82.9
1963-10-22,72
1963-10-29,59.8
1963-11-05,52.4
1963-11-12,46.2
1963-11-19,8.4
1963-11-26,31.4
1963-12-03,45.1
1963-12-10,26.6
1963-12-17,29.5
1963-12-24,54.6
1964-01-01,45.7
1964-01-08,26.5
1964-01-15,35.4
1964-01-22,20
1964-01-29,34.8
1964-02-05,38.8
1964-02-12,37
1964-02-19,37.3
1964-02-26,37.8
1964-03-04,33.3
1964-03-11,30.9
1964-03-18,20.9
1964-03-25,19.8
1964-04-01,61.2
1964-04-08,54.5
1964-04-15,54.4
1964-04-22,43.6
1964-04-29,60.3
1964-05-06,151.1
1964-05-13,112.3
1964-05-20,170.5
1964-05-27,174.1
1964-06-03,326.2
1964-06-10,581.3
1964-06-17,638.4
1964-06-24,455.4
1964-07-01,359.6
1964-07-08,409.8
1964-07-15,325.1
1964-07-22,226
1964-07-29,189.4
1964-08-05,168.3
1964-08-12,155.6
1964-08-19,150.4
1964-08-26,114
1964-09-02,98.7
1964-09-09,99
1964-09-16,93.3
1964-09-23,118.3
1964-09-30,121.3
1964-10-07,103.7
1964-10-14,106.7
1964-10-21,96.5
1964-10-28,79.5
1964-11-04,77.1
1964-11-11,68.5
1964-11-18,59.4
1964-11-25,24.6
1964-12-02,35.7
1964-12-09,50.6
1964-12-16,5.2
1964-12-23,8.5
1965-01-01,25.8
1965-01-08,6.3
1965-01-15,43
1965-01-22,25.6
1965-01-29,26.5
1965-02-05,24.5
1965-02-12,25
1965-02-19,39.6
1965-02-26,37.1
1965-03-05,72.3
1965-03-12,93.2
1965-03-19,41.2
1965-03-26,29.6
1965-04-02,98.3
1965-04-09,193.5
1965-04-16,130.4
1965-04-23,106.3
1965-04-30,110.6
1965-05-07,111.7
1965-05-14,118.5
1965-05-21,153
1965-05-28,188.9
1965-06-04,287.1
1965-06-11,450.1
1965-06-18,730.5
1965-06-25,540.6
1965-07-02,619.5
1965-07-09,575.9
1965-07-16,366.9
1965-07-23,265.8
1965-07-30,322.2
1965-08-06,300.3
1965-08-13,226.2
1965-08-20,174.9
1965-08-27,194.9
1965-09-03,169
1965-09-10,152.9
1965-09-17,153.9
1965-09-24,163.1
1965-10-01,152.2
1965-10-08,161.9
1965-10-15,152.5
1965-10-22,119.7
1965-10-29,102.9
1965-11-05,98.3
1965-11-12,79.1
1965-11-19,75.6
1965-11-26,40.3
1965-12-03,72.5
1965-12-10,57
1965-12-17,38.9
1965-12-24,14.9
1966-01-01,8.2
1966-01-08,41.5
1966-01-15,55.5
1966-01-22,27.4
1966-01-29,27.7
1966-02-05,38.5
1966-02-12,20.5
1966-02-19,18.2
1966-02-26,45.9
1966-03-05,39.4
1966-03-12,67.5
1966-03-19,74.3
1966-03-26,133.1
1966-04-02,122.3
1966-04-09,72.9
1966-04-16,57.9
1966-04-23,62.1
1966-04-30,66.9
1966-05-07,181.2
1966-05-14,267.3
1966-05-21,181.2
1966-05-28,410.2
1966-06-04,587.6
1966-06-11,451.4
1966-06-18,358.3
1966-06-25,285.8
1966-07-02,435.2
1966-07-09,406.5
1966-07-16,331.7
1966-07-23,261.1
1966-07-30,271.1
1966-08-06,234.7
1966-08-13,157.9
1966-08-20,153.7
1966-08-27,153.2
1966-09-03,121.3
1966-09-10,108.1
1966-09-17,99.3
1966-09-24,101.2
1966-10-01,101.2
1966-10-08,90.5
1966-10-15,104
1966-10-22,72.4
1966-10-29,73.4
1966-11-05,61.8
1966-11-12,47
1966-11-19,49.7
1966-11-26,47.8
1966-12-03,27.5
1966-12-10,31.8
1966-12-17,55.6
1966-12-24,42.7
1967-01-01,53.2
1967-01-08,38.9
1967-01-15,42.5
1967-01-22,21.2
1967-01-29,10.4
1967-02-05,28
1967-02-12,37.5
1967-02-19,28.9
1967-02-26,39
1967-03-05,45.9
1967-03-12,27
1967-03-19,46.3
1967-03-26,149.7
1967-04-02,26.1
1967-04-09,154.5
1967-04-16,147.9
1967-04-23,71.8
1967-04-30,74.9
1967-05-07,137
1967-05-14,130.8
1967-05-21,280.7
1967-05-28,679.9
1967-06-04,767.1
1967-06-11,658.7
1967-06-18,748.7
1967-06-25,629
1967-07-02,489.2
1967-07-09,359.1
1967-07-16,340.3
1967-07-23,272.8
1967-07-30,248.8
1967-08-06,226.6
1967-08-13,200.6
1967-08-20,172.1
1967-08-27,142.3
1967-09-03,121.1
1967-09-10,136.2
1967-09-17,83.9
1967-09-24,88.8
1967-10-01,90.1
1967-10-08,91.8
1967-10-15,84.8
1967-10-22,78.5
1967-10-29,59.7
1967-11-05,54.6
1967-11-12,49.1
1967-11-19,19.3
1967-11-26,2.9
1967-12-03,15.3
1967-12-10,20.3
1967-12-17,18.9
1967-12-24,19.2
1968-01-01,29.8
1968-01-08,9.1
1968-01-15,31
1968-01-22,49.9
1968-01-29,31.9
1968-02-05,46.3
1968-02-12,50.1
1968-02-19,29.2
1968-02-26,37.6
1968-03-04,51.6
1968-03-11,50
1968-03-18,40.8
1968-03-25,61.4
1968-04-01,52.8
1968-04-08,40.4
1968-04-15,37.4
1968-04-22,33.3
1968-04-29,51.4
1968-05-06,63.9
1968-05-13,65.4
1968-05-20,119.8
1968-05-27,254.4
1968-06-03,321.5
1968-06-10,331.3
1968-06-17,312.9
1968-06-24,328.4
1968-07-01,311.8
1968-07-08,332.9
1968-07-15,243.4
1968-07-22,242.1
1968-07-29,216.2
1968-08-05,190.5
1968-08-12,164
1968-08-19,170.3
1968-08-26,152.3
1968-09-02,117.4
1968-09-09,126.1
1968-09-16,106.3
1968-09-23,119.1
1968-09-30,132.7
1968-10-07,107
1968-10-14,110.9
1968-10-21,106.3
1968-10-28,77.7
1968-11-04,66.4
1968-11-11,55.1
1968-11-18,34.2
1968-11-25,41
1968-12-02,27.9
1968-12-09,36.2
1968-12-16,28.1
1968-12-23,23.1
1969-01-01,16.3
1969-01-08,31.6
1969-01-15,19.9
1969-01-22,27.5
1969-01-29,26.3
1969-02-05,35.9
1969-02-12,31.5
1969-02-19,27.9
1969-02-26,20.5
1969-03-05,34.1
1969-03-12,35.9
1969-03-19,47.3
1969-03-26,105.7
1969-04-02,341.1
1969-04-09,162.9
1969-04-16,95.7
1969-04-23,98.4
1969-04-30,193.9
1969-05-07,202.1
1969-05-14,306.7
1969-05-21,258.2
1969-05-28,373.1
1969-06-04,457.7
1969-06-11,415
1969-06-18,340.2
1969-06-25,764.9
1969-07-02,830.3
1969-07-09,569.4
1969-07-16,324.4
1969-07-23,258.8
1969-07-30,232.4
1969-08-06,185.7
1969-08-13,160.7
1969-08-20,144.2
1969-08-27,142.9
1969-09-03,122
1969-09-10,111.4
1969-09-17,103.2
1969-09-24,98.3
1969-10-01,92.2
1969-10-08,99.3
1969-10-15,93
1969-10-22,70.4
1969-10-29,71.6
1969-11-05,71.3
1969-11-12,62
1969-11-19,20.1
1969-11-26,26.8
1969-12-03,19.3
1969-12-10,11.5
1969-12-17,23.5
1969-12-24,18
1970-01-01,18.4
1970-01-08,5.3
1970-01-15,16.8
1970-01-22,29.7
1970-01-29,27
1970-02-05,21.7
1970-02-12,28.1
1970-02-19,17.1
1970-02-26,36.7
1970-03-05,28.8
1970-03-12,39.9
1970-03-19,39.8
1970-03-26,50.9
1970-04-02,58.3
1970-04-09,88.3
1970-04-16,42.7
1970-04-23,51.3
1970-04-30,50.9
1970-05-07,99.1
1970-05-14,98.3
1970-05-21,151
1970-05-28,207.5
1970-06-04,355.3
1970-06-11,511.9
1970-06-18,578.6
1970-06-25,331.7
1970-07-02,298
1970-07-09,223
1970-07-16,184.4
1970-07-23,180.6
1970-07-30,163.5
1970-08-06,136.8
1970-08-13,117.8
1970-08-20,102.1
1970-08-27,103.7
1970-09-03,100.5
1970-09-10,88.2
1970-09-17,72.3
1970-09-24,72.7
1970-10-01,65
1970-10-08,66.7
1970-10-15,61.3
1970-10-22,57
1970-10-29,43.1
1970-11-05,46.5
1970-11-12,46.1
1970-11-19,24.5
1970-11-26,10
1970-12-03,10
1970-12-10,15.8
1970-12-17,23
1970-12-24,6.3
1971-01-01,37.6
1971-01-08,11.8
1971-01-15,11.4
1971-01-22,37.6
1971-01-29,34.9
1971-02-05,39.3
1971-02-12,47.9
1971-02-19,51.6
1971-02-26,40.6
1971-03-05,40.7
1971-03-12,52
1971-03-19,40.2
1971-03-26,17.1
1971-04-02,58.4
1971-04-09,239.4
1971-04-16,124.7
1971-04-23,130
1971-04-30,93.3
1971-05-07,130.9
1971-05-14,209.4
1971-05-21,218.9
1971-05-28,415
1971-06-04,646.7
1971-06-11,486.1
1971-06-18,309.8
1971-06-25,397.1
1971-07-02,233.6
1971-07-09,215.4
1971-07-16,223.4
1971-07-23,276.1
1971-07-30,225.7
1971-08-06,204.1
1971-08-13,165.5
1971-08-20,134.3
1971-08-27,118.6
1971-09-03,116
1971-09-10,102.2
1971-09-17,89.5
1971-09-24,90
1971-10-01,60.7
1971-10-08,57.7
1971-10-15,81.5
1971-10-22,58
1971-10-29,60.8
1971-11-05,20.1
1971-11-12,52.2
1971-11-19,51
1971-11-26,17.1
1971-12-03,10.7
1971-12-10,4.2
1971-12-17,3.2
1971-12-24,0.7
1972-01-01,8.6
1972-01-08,15.9
1972-01-15,12.7
1972-01-22,17.5
1972-01-29,12.7
1972-02-05,22.7
1972-02-12,25.2
1972-02-19,32.5
1972-02-26,15.6
1972-03-04,17.9
1972-03-11,83.2
1972-03-18,132.5
1972-03-25,97.5
1972-04-01,85.1
1972-04-08,97.7
1972-04-15,57
1972-04-22,49.4
1972-04-29,73.2
1972-05-06,78.7
1972-05-13,134.2
1972-05-20,299
1972-05-27,429.1
1972-06-03,675.9
1972-06-10,661.6
1972-06-17,454.4
1972-06-24,500.5
1972-07-01,379.3
1972-07-08,374.3
1972-07-15,309.3
1972-07-22,288.2
1972-07-29,266.6
1972-08-05,239.3
1972-08-12,220.7
1972-08-19,184.6
1972-08-26,170.1
1972-09-02,146.9
1972-09-09,148.9
1972-09-16,122.4
1972-09-23,115.2
1972-09-30,105.9
1972-10-07,86.9
1972-10-14,93.1
1972-10-21,95.4
1972-10-28,74
1972-11-04,68.3
1972-11-11,68.5
1972-11-18,73.3
1972-11-25,47.8
1972-12-02,18.5
1972-12-09,9.8
1972-12-16,35.9
1972-12-23,41.8
1973-01-01,28.9
1973-01-08,13.1
1973-01-15,42.6
1973-01-22,32.4
1973-01-29,31.2
1973-02-05,24.8
1973-02-12,15.3
1973-02-19,40.4
1973-02-26,43.1
1973-03-05,53.2
1973-03-12,54.8
1973-03-19,80.3
1973-03-26,119.3
1973-04-02,92
1973-04-09,61.6
1973-04-16,57.5
1973-04-23,54.9
1973-04-30,71.6
1973-05-07,93.7
1973-05-14,124.2
1973-05-21,245.2
1973-05-28,459.1
1973-06-04,409.8
1973-06-11,365.4
1973-06-18,352
1973-06-25,472.7
1973-07-02,328.2
1973-07-09,252.7
1973-07-16,235.9
1973-07-23,220.9
1973-07-30,177
1973-08-06,191
1973-08-13,165.7
1973-08-20,124.9
1973-08-27,115.7
1973-09-03,120.7
1973-09-10,131.5
1973-09-17,109.8
1973-09-24,95.9
1973-10-01,77.7
1973-10-08,70.9
1973-10-15,85.2
1973-10-22,68.3
1973-10-29,57.3
1973-11-05,12.5
1973-11-12,50
1973-11-19,47.4
1973-11-26,62.3
1973-12-03,51.5
1973-12-10,39.6
1973-12-17,27.5
1973-12-24,34.4
1974-01-01,15.4
1974-01-08,4.8
1974-01-15,38.1
1974-01-22,38.2
1974-01-29,39.8
1974-02-05,30.9
1974-02-12,42.3
1974-02-19,46.4
1974-02-26,49.1
1974-03-05,35.3
1974-03-12,32.2
1974-03-19,27.6
1974-03-26,45.1
1974-04-02,74.5
1974-04-09,152.6
1974-04-16,107.9
1974-04-23,92.9
1974-04-30,214.3
1974-05-07,192.2
1974-05-14,179.1
1974-05-21,244.6
1974-05-28,308.1
1974-06-04,276.1
1974-06-11,417.5
1974-06-18,853.4
1974-06-25,719.5
1974-07-02,416
1974-07-09,325.4
1974-07-16,311.8
1974-07-23,287
1974-07-30,242.9
1974-08-06,211.3
1974-08-13,201.7
1974-08-20,165.9
1974-08-27,154.9
1974-09-03,139
1974-09-10,140.7
1974-09-17,114.8
1974-09-24,102.7
1974-10-01,95.8
1974-10-08,88.2
1974-10-15,88.7
1974-10-22,72.2
1974-10-29,66.2
1974-11-05,56.9
1974-11-12,48.4
1974-11-19,45.3
1974-11-26,58.1
1974-12-03,57.1
1974-12-10,40
1974-12-17,25.2
1974-12-24,14.9
1975-01-01,23.4
1975-01-08,15.7
1975-01-15,14.7
1975-01-22,39.6
1975-01-29,20.7
1975-02-05,15.8
1975-02-12,24.6
1975-02-19,54.7
1975-02-26,39.7
1975-03-05,32.1
1975-03-12,37.4
1975-03-19,42
1975-03-26,27.9
1975-04-02,37.5
1975-04-09,61.2
1975-04-16,163.5
1975-04-23,161.5
1975-04-30,83.3
1975-05-07,117.8
1975-05-14,160.7
1975-05-21,146.4
1975-05-28,134.9
1975-06-04,250.3
1975-06-11,230
1975-06-18,432.8
1975-06-25,417.3
1975-07-02,292.2
1975-07-09,356
1975-07-16,300.7
1975-07-23,222.5
1975-07-30,255.1
1975-08-06,185.6
1975-08-13,143.4
1975-08-20,165.3
1975-08-27,141.4
1975-09-03,123.6
1975-09-10,100.3
1975-09-17,104.1
1975-09-24,87.2
1975-10-01,76.5
1975-10-08,74.3
1975-10-15,78.6
1975-10-22,55.6
1975-10-29,55.5
1975-11-05,64.7
1975-11-12,75.1
1975-11-19,60.9
1975-11-26,36.3
1975-12-03,11.9
1975-12-10,26.2
1975-12-17,16.6
1975-12-24,21.8
1976-01-01,25.5
1976-01-08,1.6
1976-01-15,42.9
1976-01-22,42.9
1976-01-29,43.1
1976-02-05,33
1976-02-12,41.5
1976-02-19,35.5
1976-02-26,37.8
1976-03-04,17.1
1976-03-11,34.1
1976-03-18,71.6
1976-03-25,63.8
1976-04-01,76.7
1976-04-08,79.8
1976-04-15,64
1976-04-22,46.9
1976-04-29,48.1
1976-05-06,131.1
1976-05-13,269.5
1976-05-20,226.4
1976-05-27,254.2
1976-06-03,201.2
1976-06-10,230.9
1976-06-17,269.6
1976-06-24,302.4
1976-07-01,306.6
1976-07-08,322.9
1976-07-15,281.5
1976-07-22,254
1976-07-29,247.4
1976-08-05,379.2
1976-08-12,320.5
1976-08-19,231.9
1976-08-26,189.1
1976-09-02,167.7
1976-09-09,213.2
1976-09-16,177.4
1976-09-23,154.1
1976-09-30,136.3
1976-10-07,109.4
1976-10-14,91.9
1976-10-21,99.4
1976-10-28,68.8
1976-11-04,70.6
1976-11-11,40.9
1976-11-18,25.5
1976-11-25,21.1
1976-12-02,21.5
1976-12-09,20.2
1976-12-16,33
1976-12-23,26
1977-01-01,12.6
1977-01-08,2.9
1977-01-15,4
1977-01-22,1
1977-01-29,26.9
1977-02-05,20.6
1977-02-12,25.8
1977-02-19,27.8
1977-02-26,40.8
1977-03-05,47.4
1977-03-12,54.9
1977-03-19,44.9
1977-03-26,44.4
1977-04-02,47.3
1977-04-09,63.1
1977-04-16,34.9
1977-04-23,27.6
1977-04-30,55.3
1977-05-07,80.4
1977-05-14,144.9
1977-05-21,118.1
1977-05-28,152.4
1977-06-04,178
1977-06-11,280.3
1977-06-18,223.5
1977-06-25,200.5
1977-07-02,156.8
1977-07-09,130.8
1977-07-16,148.5
1977-07-23,131.7
1977-07-30,147.5
1977-08-06,147.8
1977-08-13,183.6
1977-08-20,175.8
1977-08-27,166.7
1977-09-03,132.2
1977-09-10,115.3
1977-09-17,114.3
1977-09-24,118.8
1977-10-01,98.2
1977-10-08,76.9
1977-10-15,82.1
1977-10-22,63.1
1977-10-29,59.1
1977-11-05,50.1
1977-11-12,28.5
1977-11-19,1.4
1977-11-26,7
1977-12-03,7.2
1977-12-10,0.8
1977-12-17,35.2
1977-12-24,17.6
1978-01-01,26.8
1978-01-08,25.3
1978-01-15,27.3
1978-01-22,32
1978-01-29,16.3
1978-02-05,22.1
1978-02-12,31.5
1978-02-19,42.8
1978-02-26,43.7
1978-03-05,30.1
1978-03-12,53.5
1978-03-19,120.7
1978-03-26,174
1978-04-02,110.4
1978-04-09,61.5
1978-04-16,57.8
1978-04-23,73.6
1978-04-30,130.1
1978-05-07,103.3
1978-05-14,131.9
1978-05-21,229.7
1978-05-28,222
1978-06-04,412.3
1978-06-11,446.7
1978-06-18,308.8
1978-06-25,364.9
1978-07-02,348.5
1978-07-09,336.4
1978-07-16,291.8
1978-07-23,228.7
1978-07-30,203.8
1978-08-06,164.4
1978-08-13,161.6
1978-08-20,180.7
1978-08-27,134.7
1978-09-03,122.7
1978-09-10,157.9
1978-09-17,125.6
1978-09-24,104.1
1978-10-01,122.2
1978-10-08,96.2
1978-10-15,96
1978-10-22,127.2
1978-10-29,82.1
1978-11-05,67.2
1978-11-12,31.4
1978-11-19,21.4
1978-11-26,54.9
1978-12-03,55
1978-12-10,35.6
1978-12-17,37.7
1978-12-24,19.7
1979-01-01,12.9
1979-01-08,23.1
1979-01-15,21.8
1979-01-22,24.2
1979-01-29,20.1
1979-02-05,15.9
1979-02-12,18.2
1979-02-19,20
1979-02-26,24.4
1979-03-05,46.7
1979-03-12,93.6
1979-03-19,122
1979-03-26,62.3
1979-04-02,50.4
1979-04-09,82.9
1979-04-16,69.9
1979-04-23,69.5
1979-04-30,102.5
1979-05-07,74
1979-05-14,108.6
1979-05-21,152.7
1979-05-28,287.1
1979-06-04,265.9
1979-06-11,237.2
1979-06-18,243.8
1979-06-25,236.8
1979-07-02,223.7
1979-07-09,222.4
1979-07-16,171.4
1979-07-23,172.3
1979-07-30,148.7
1979-08-06,136.4
1979-08-13,112.6
1979-08-20,110.9
1979-08-27,122.3
1979-09-03,103.3
1979-09-10,88.1
1979-09-17,77.2
1979-09-24,71.8
1979-10-01,64.6
1979-10-08,66.8
1979-10-15,65.7
1979-10-22,50.2
1979-10-29,60.3
1979-11-05,41.8
1979-11-12,57.2
1979-11-19,30.2
1979-11-26,23.2
1979-12-03,23.9
1979-12-10,17.1
1979-12-17,14.5
1979-12-24,24.8
1980-01-01,19.6
1980-01-08,12.3
1980-01-15,25.4
1980-01-22,31.3
1980-01-29,16.7
1980-02-05,32.6
1980-02-12,23.3
1980-02-19,10.5
1980-02-26,33.6
1980-03-04,19.3
1980-03-11,20.6
1980-03-18,31.6
1980-03-25,45.3
1980-04-01,51.1
1980-04-08,96.9
1980-04-15,136.2
1980-04-22,85.6
1980-04-29,137.9
1980-05-06,214.3
1980-05-13,184.6
1980-05-20,289.9
1980-05-27,433.4
1980-06-03,429.6
1980-06-10,426.5
1980-06-17,444.8
1980-06-24,299.4
1980-07-01,200.9
1980-07-08,175
1980-07-15,174.3
1980-07-22,163.9
1980-07-29,155.4
1980-08-05,145.6
1980-08-12,155.2
1980-08-19,138.9
1980-08-26,116
1980-09-02,96.4
1980-09-09,85.7
1980-09-16,121.8
1980-09-23,121.6
1980-09-30,106.8
1980-10-07,104.6
1980-10-14,103.8
1980-10-21,76.9
1980-10-28,65.8
1980-11-04,57.6
1980-11-11,43.6
1980-11-18,22.8
1980-11-25,30.8
1980-12-02,13.8
1980-12-09,24.6
1980-12-16,46.2
1980-12-23,54.7
1981-01-01,50.7
1981-01-08,40.4
1981-01-15,37.9
1981-01-22,44.6
1981-01-29,28.3
1981-02-05,21.4
1981-02-12,29.5
1981-02-19,60
1981-02-26,46.5
1981-03-05,49.9
1981-03-12,54.8
1981-03-19,46.9
1981-03-26,51
1981-04-02,44.5
1981-04-09,34.6
1981-04-16,35.9
1981-04-23,42.6
1981-04-30,49.8
1981-05-07,116.2
1981-05-14,183.7
1981-05-21,588.7
1981-05-28,721.8
1981-06-04,541.1
1981-06-11,390
1981-06-18,364.2
1981-06-25,300.2
1981-07-02,409.7
1981-07-09,346.3
1981-07-16,427.5
1981-07-23,409
1981-07-30,396.5
1981-08-06,293.2
1981-08-13,247.9
1981-08-20,211.7
1981-08-27,174.4
1981-09-03,149.8
1981-09-10,119.6
1981-09-17,114.6
1981-09-24,111.8
1981-10-01,91.9
1981-10-08,90.6
1981-10-15,74.3
1981-10-22,69.1
1981-10-29,65.5
1981-11-05,61.2
1981-11-12,56.8
1981-11-19,46.2
1981-11-26,36.1
1981-12-03,33.1
1981-12-10,11.7
1981-12-17,4
1981-12-24,6.8
1982-01-01,3
1982-01-08,5.9
1982-01-15,14.4
1982-01-22,15.8
1982-01-29,33.9
1982-02-05,31.4
1982-02-12,26
1982-02-19,31.7
1982-02-26,30.2
1982-03-05,28.8
1982-03-12,37.6
1982-03-19,43.9
1982-03-26,58.8
1982-04-02,66.4
1982-04-09,71.2
1982-04-16,84
1982-04-23,94.6
1982-04-30,58.9
1982-05-07,56
1982-05-14,59.5
1982-05-21,126.5
1982-05-28,210
1982-06-04,265.1
1982-06-11,354
1982-06-18,481
1982-06-25,445.5
1982-07-02,387.4
1982-07-09,264.8
1982-07-16,212
1982-07-23,216.2
1982-07-30,180.5
1982-08-06,157.6
1982-08-13,146.7
1982-08-20,117.7
1982-08-27,122.5
1982-09-03,115.8
1982-09-10,132.4
1982-09-17,108.2
1982-09-24,98.6
1982-10-01,93.7
1982-10-08,76.9
1982-10-15,73.9
1982-10-22,73.9
1982-10-29,64.6
1982-11-05,47.4
1982-11-12,10.2
1982-11-19,17.2
1982-11-26,30.3
1982-12-03,34.5
1982-12-10,27.2
1982-12-17,24.3
1982-12-24,12.4
1983-01-01,24.4
1983-01-08,38
1983-01-15,32.8
1983-01-22,27.2
1983-01-29,20.7
1983-02-05,15.5
1983-02-12,43.1
1983-02-19,41.6
1983-02-26,41.9
1983-03-05,30.2
1983-03-12,24.9
1983-03-19,15.3
1983-03-26,48.8
1983-04-02,47.5
1983-04-09,44.5
1983-04-16,48.7
1983-04-23,101.1
1983-04-30,92
1983-05-07,111.7
1983-05-14,117.5
1983-05-21,146.4
1983-05-28,312.5
1983-06-04,309.5
1983-06-11,266.9
1983-06-18,227.3
1983-06-25,233.4
1983-07-02,268.7
1983-07-09,260.3
1983-07-16,254.9
1983-07-23,195.8
1983-07-30,162.8
1983-08-06,155.8
1983-08-13,157.8
1983-08-20,135.5
1983-08-27,111.7
1983-09-03,107.8
1983-09-10,92.1
1983-09-17,86.2
1983-09-24,74
1983-10-01,71.8
1983-10-08,62.3
1983-10-15,56.6
1983-10-22,52.8
1983-10-29,57.5
1983-11-05,50.4
1983-11-12,46.7
1983-11-19,36.3
1983-11-26,11.5
1983-12-03,7.9
1983-12-10,1.6
1983-12-17,0.2
1983-12-24,3
1984-01-01,20.7
1984-01-08,36.5
1984-01-15,11
1984-01-22,23.7
1984-01-29,37.7
1984-02-05,37.3
1984-02-12,35.9
1984-02-19,38.5
1984-02-26,36.8
1984-03-04,35.3
1984-03-11,19.1
1984-03-18,45.7
1984-03-25,52.8
1984-04-01,38.1
1984-04-08,29.8
1984-04-15,29.5
1984-04-22,50.3
1984-04-29,44.6
1984-05-06,43.6
1984-05-13,47.8
1984-05-20,84.8
1984-05-27,86.9
1984-06-03,163.3
1984-06-10,279
1984-06-17,336.6
1984-06-24,293
1984-07-01,321
1984-07-08,210.7
1984-07-15,191.2
1984-07-22,170.1
1984-07-29,169
1984-08-05,167.3
1984-08-12,143.8
1984-08-19,124.4
1984-08-26,108.1
1984-09-02,102.3
1984-09-09,98.4
1984-09-16,89.9
1984-09-23,109.9
1984-09-30,85.3
1984-10-07,79.8
1984-10-14,68.5
1984-10-21,62.2
1984-10-28,42.9
1984-11-04,26.2
1984-11-11,31.8
1984-11-18,27
1984-11-25,25.8
1984-12-02,16.3
1984-12-09,33.3
1984-12-16,18.9
1984-12-23,7.8
1985-01-01,13.7
1985-01-08,26
1985-01-15,29.1
1985-01-22,27.4
1985-01-29,10.7
1985-02-05,5
1985-02-12,6
1985-02-19,11.4
1985-02-26,14.7
1985-03-05,22.7
1985-03-12,39.6
1985-03-19,67.7
1985-03-26,68.7
1985-04-02,80.9
1985-04-09,64.3
1985-04-16,60.9
1985-04-23,48.5
1985-04-30,50.8
1985-05-07,69.9
1985-05-14,72.4
1985-05-21,188.6
1985-05-28,286.3
1985-06-04,251.5
1985-06-11,241.4
1985-06-18,234.9
1985-06-25,185
1985-07-02,199
1985-07-09,189.7
1985-07-16,166.7
1985-07-23,143.4
1985-07-30,122.3
1985-08-06,116.8
1985-08-13,122.9
1985-08-20,166.4
1985-08-27,136.9
1985-09-03,104.2
1985-09-10,221.7
1985-09-17,212
1985-09-24,136.8
1985-10-01,127.2
1985-10-08,85.9
1985-10-15,82
1985-10-22,81
1985-10-29,75.8
1985-11-05,52.1
1985-11-12,45.8
1985-11-19,24.4
1985-11-26,0.2
1985-12-03,20.5
1985-12-10,32.8
1985-12-17,48.2
1985-12-24,41.2
1986-01-01,30.1
1986-01-08,31.8
1986-01-15,26
1986-01-22,39.4
1986-01-29,30.8
1986-02-05,16.8
1986-02-12,13.2
1986-02-19,8.2
1986-02-26,56.8
1986-03-05,70.6
1986-03-12,45.4
1986-03-19,63.1
1986-03-26,43.9
1986-04-02,39.7
1986-04-09,37.4
1986-04-16,27.8
1986-04-23,46.6
1986-04-30,49.8
1986-05-07,82.1
1986-05-14,112.2
1986-05-21,183.4
1986-05-28,596.1
1986-06-04,573
1986-06-11,415.7
1986-06-18,358.4
1986-06-25,299.3
1986-07-02,299.2
1986-07-09,225.9
1986-07-16,265.6
1986-07-23,265.7
1986-07-30,219.2
1986-08-06,186
1986-08-13,172.3
1986-08-20,134.6
1986-08-27,121.2
1986-09-03,136.7
1986-09-10,112.5
1986-09-17,108.5
1986-09-24,147.3
1986-10-01,158.7
1986-10-08,141.9
1986-10-15,125.6
1986-10-22,101.4
1986-10-29,100.9
1986-11-05,49
1986-11-12,30.9
1986-11-19,81.5
1986-11-26,64.6
1986-12-03,41
1986-12-10,35.2
1986-12-17,32.5
1986-12-24,32.7
1987-01-01,28.3
1987-01-08,31.2
1987-01-15,32
1987-01-22,32.1
1987-01-29,37.4
1987-02-05,34.4
1987-02-12,38.1
1987-02-19,35.2
1987-02-26,32.8
1987-03-05,45.2
1987-03-12,39.3
1987-03-19,32.9
1987-03-26,46.6
1987-04-02,74.3
1987-04-09,54.1
1987-04-16,44.2
1987-04-23,47.4
1987-04-30,77.1
1987-05-07,185
1987-05-14,245.7
1987-05-21,162.2
1987-05-28,141.9
1987-06-04,156.2
1987-06-11,215.9
1987-06-18,267.6
1987-06-25,182.9
1987-07-02,177
1987-07-09,187.6
1987-07-16,169.7
1987-07-23,232.9
1987-07-30,179.3
1987-08-06,152.4
1987-08-13,194.2
1987-08-20,171.5
1987-08-27,126.4
1987-09-03,124.5
1987-09-10,120.5
1987-09-17,82.5
1987-09-24,86.4
1987-10-01,79.9
1987-10-08,67
1987-10-15,72
1987-10-22,51.7
1987-10-29,46.8
1987-11-05,47.1
1987-11-12,42.9
1987-11-19,49.2
1987-11-26,38.9
1987-12-03,42.7
1987-12-10,13.4
1987-12-17,2.9
1987-12-24,14.4
1988-01-01,4.9
1988-01-08,3
1988-01-15,4.3
1988-01-22,24.3
1988-01-29,25.1
1988-02-05,12.5
1988-02-12,19.7
1988-02-19,21.3
1988-02-26,26.1
1988-03-04,41.3
1988-03-11,58.4
1988-03-18,80.5
1988-03-25,65.2
1988-04-01,45.9
1988-04-08,35.2
1988-04-15,25.1
1988-04-22,72.6
1988-04-29,66.1
1988-05-06,77
1988-05-13,124.4
1988-05-20,163.3
1988-05-27,198.2
1988-06-03,225.6
1988-06-10,415.4
1988-06-17,262.4
1988-06-24,241.6
1988-07-01,224
1988-07-08,216.2
1988-07-15,188.3
1988-07-22,141.9
1988-07-29,144.5
1988-08-05,200.3
1988-08-12,165.7
1988-08-19,161.3
1988-08-26,130.2
1988-09-02,117.4
1988-09-09,119.5
1988-09-16,91.5
1988-09-23,98.6
1988-09-30,93.4
1988-10-07,92.7
1988-10-14,87
1988-10-21,76.9
1988-10-28,67.1
1988-11-04,61.7
1988-11-11,45.9
1988-11-18,40.2
1988-11-25,16.5
1988-12-02,41
1988-12-09,32.4
1988-12-16,36
1988-12-23,4.4
1989-01-01,18.07143
1989-01-08,8.079
1989-01-15,40.14286
1989-01-22,40.17143
1989-01-29,31.38571
1989-02-05,12.09857
1989-02-12,30.95714
1989-02-19,25.51429
1989-02-26,33.84286
1989-03-05,29.04286
1989-03-12,33.61429
1989-03-19,33.51429
1989-03-26,44.21429
1989-04-02,58.34286
1989-04-09,80
1989-04-16,81.68571
1989-04-23,73.41429
1989-04-30,74.87143
1989-05-07,149.5429
1989-05-14,169.2857
1989-05-21,123
1989-05-28,111.2857
1989-06-04,238.1429
1989-06-11,385
1989-06-18,333.5714
1989-06-25,222.7143
1989-07-02,208.1429
1989-07-09,194.7143
1989-07-16,209.1429
1989-07-23,185.7143
1989-07-30,162.1429
1989-08-06,155.2857
1989-08-13,151.1429
1989-08-20,201.1429
1989-08-27,189.2857
1989-09-03,192.7143
1989-09-10,169.5714
1989-09-17,130.8571
1989-09-24,106.8143
1989-10-01,98.95714
1989-10-08,98.77143
1989-10-15,82.14286
1989-10-22,68.92857
1989-10-29,63.24286
1989-11-05,59.57143
1989-11-12,56.91429
1989-11-19,47.04286
1989-11-26,31.87143
1989-12-03,24.12857
1989-12-10,2.23
1989-12-17,2.23
1989-12-24,49.8735
1990-01-01,47.6
1990-01-08,47.28571
1990-01-15,40.75714
1990-01-22,32.97143
1990-01-29,19.8
1990-02-05,22.71429
1990-02-12,30.71429
1990-02-19,29.55714
1990-02-26,44.92857
1990-03-05,44.31429
1990-03-12,45.54286
1990-03-19,40.18571
1990-03-26,47.85714
1990-04-02,58.58571
1990-04-09,31.71857
1990-04-16,40.8
1990-04-23,65.87143
1990-04-30,74.18571
1990-05-07,118.0286
1990-05-14,122.8571
1990-05-21,205.5714
1990-05-28,815.1429
1990-06-04,722
1990-06-11,435
1990-06-18,426
1990-06-25,530.1429
1990-07-02,421.8571
1990-07-09,386.4286
1990-07-16,318.4286
1990-07-23,279.8571
1990-07-30,296.2857
1990-08-06,210.7143
1990-08-13,187.8571
1990-08-20,208.1429
1990-08-27,163.8571
1990-09-03,129.2857
1990-09-10,111.4286
1990-09-17,105.7143
1990-09-24,94.87143
1990-10-01,85.91429
1990-10-08,99.91429
1990-10-15,81.24286
1990-10-22,62.28571
1990-10-29,66.07143
1990-11-05,54.11429
1990-11-12,62.88571
1990-11-19,9.934286
1990-11-26,1.491286
1990-12-03,25.17143
1990-12-10,31.25714
1990-12-17,0.178
1990-12-24,0.178
1991-01-01,13.7
1991-01-08,20.1
1991-01-15,46.97143
1991-01-22,37.1
1991-01-29,35.6
1991-02-05,50.67143
1991-02-12,46.81429
1991-02-19,37.81429
1991-02-26,29.31429
1991-03-05,13.13857
1991-03-12,41.1
1991-03-19,61.77143
1991-03-26,75.97143
1991-04-02,84.88571
1991-04-09,44.72857
1991-04-16,42.18571
1991-04-23,67.04286
1991-04-30,66.98571
1991-05-07,65.62857
1991-05-14,182.9571
1991-05-21,432.7143
1991-05-28,340
1991-06-04,401.2857
1991-06-11,450.1429
1991-06-18,352.4286
1991-06-25,551.2857
1991-07-02,598.8571
1991-07-09,443.8571
1991-07-16,372
1991-07-23,274.7143
1991-07-30,251.5714
1991-08-06,225.7143
1991-08-13,247.5714
1991-08-20,209
1991-08-27,160.5714
1991-09-03,134.8571
1991-09-10,120.8571
1991-09-17,110.7286
1991-09-24,96.01429
1991-10-01,85.84286
1991-10-08,87.74286
1991-10-15,73.24286
1991-10-22,52.78571
1991-10-29,24.52857
1991-11-05,37.27143
1991-11-12,47.57143
1991-11-19,42.81429
1991-11-26,33.68571
1991-12-03,39.38571
1991-12-10,39.61429
1991-12-17,32.95714
1991-12-24,39.3625
1992-01-01,37.57143
1992-01-08,31.75714
1992-01-15,27.5
1992-01-22,34.04286
1992-01-29,42.35714
1992-02-05,33.37143
1992-02-12,14.28429
1992-02-19,23.97143
1992-02-26,49.97143
1992-03-04,55.97143
1992-03-11,61.15714
1992-03-18,49.91429
1992-03-25,34.74286
1992-04-01,17.91571
1992-04-08,40.14286
1992-04-15,46.94286
1992-04-22,49.77143
1992-04-29,53.01429
1992-05-06,92.24286
1992-05-13,125
1992-05-20,110.8571
1992-05-27,181.4286
1992-06-03,223.2857
1992-06-10,327
1992-06-17,523
1992-06-24,290.7143
1992-07-01,337.1429
1992-07-08,457.2857
1992-07-15,289.5714
1992-07-22,236.1429
1992-07-29,206
1992-08-05,219.7143
1992-08-12,153.2857
1992-08-19,147.8571
1992-08-26,118.4286
1992-09-02,103.9714
1992-09-09,105.3
1992-09-16,109.3714
1992-09-23,108.3
1992-09-30,107.0143
1992-10-07,93.02857
1992-10-14,91.52857
1992-10-21,75.4
1992-10-28,86.74286
1992-11-04,76.75714
1992-11-11,62.88571
1992-11-18,45.08571
1992-11-25,30.37143
1992-12-02,43
1992-12-09,32.24286
1992-12-16,15.65857
1992-12-23,15.59333
1993-01-01,7.931429
1993-01-08,26.52857
1993-01-15,24.38571
1993-01-22,30.21429
1993-01-29,39.61429
1993-02-05,39.25714
1993-02-12,32.1
1993-02-19,18
1993-02-26,32.27143
1993-03-05,94.22857
1993-03-12,74.78571
1993-03-19,64.52857
1993-03-26,119.2
1993-04-02,89.95714
1993-04-09,63.08571
1993-04-16,53.81429
1993-04-23,65.65714
1993-04-30,64.34286
1993-05-07,85
1993-05-14,242.4286
1993-05-21,299.8571
1993-05-28,268.7143
1993-06-04,371.8571
1993-06-11,316.1429
1993-06-18,451.7143
1993-06-25,259.5714
1993-07-02,318.2857
1993-07-09,490.2857
1993-07-16,434
1993-07-23,398.2857
1993-07-30,294.1429
1993-08-06,229.5714
1993-08-13,258
1993-08-20,309.7143
1993-08-27,278.1429
1993-09-03,230.7143
1993-09-10,188.8571
1993-09-17,182
1993-09-24,154.2857
1993-10-01,136.2857
1993-10-08,120.8571
1993-10-15,133.2857
1993-10-22,102.3
1993-10-29,92.5
1993-11-05,83.18571
1993-11-12,72.1
1993-11-19,36.68571
1993-11-26,73.75714
1993-12-03,82.97143
1993-12-10,60.05714
1993-12-17,41.97143
1993-12-24,36.65
1994-01-01,35.31429
1994-01-08,6.566857
1994-01-15,27.07143
1994-01-22,38.88571
1994-01-29,41.54286
1994-02-05,23.14429
1994-02-12,31.21729
1994-02-19,29.05714
1994-02-26,57.48571
1994-03-05,143.5
1994-03-12,70.62857
1994-03-19,82.34286
1994-03-26,65.91429
1994-04-02,69.57143
1994-04-09,47.54286
1994-04-16,45.01429
1994-04-23,78.18571
1994-04-30,74.05714
1994-05-07,87.15714
1994-05-14,215.4286
1994-05-21,228.2857
1994-05-28,253.4286
1994-06-04,366.5714
1994-06-11,324.2857
1994-06-18,237.1429
1994-06-25,296.4286
1994-07-02,262.1429
1994-07-09,203.1429
1994-07-16,188.4286
1994-07-23,178.5714
1994-07-30,166.2857
1994-08-06,159.2857
1994-08-13,134
1994-08-20,125.4286
1994-08-27,124
1994-09-03,114.7143
1994-09-10,95.37143
1994-09-17,83.92857
1994-09-24,79.25714
1994-10-01,78.31429
1994-10-08,64.88571
1994-10-15,85.4
1994-10-22,39.31429
1994-10-29,57.31429
1994-11-05,37.6
1994-11-12,22.77143
1994-11-19,1.585
1994-11-26,1.585
1994-12-03,15.94286
1994-12-10,20.05857
1994-12-17,37.81429
1994-12-24,39.45
1995-01-01,25.02857
1995-01-08,22.51429
1995-01-15,34.9
1995-01-22,29.14286
1995-01-29,41.32857
1995-02-05,43.68571
1995-02-12,25.8
1995-02-19,37.55714
1995-02-26,39.38571
1995-03-05,21.25714
1995-03-12,72.31429
1995-03-19,73.52857
1995-03-26,38.68571
1995-04-02,41.07143
1995-04-09,36.81429
1995-04-16,37.41429
1995-04-23,43.91429
1995-04-30,49.54286
1995-05-07,96.9
1995-05-14,204.4286
1995-05-21,235.5714
1995-05-28,373.7143
1995-06-04,904.2857
1995-06-11,545.1429
1995-06-18,482.5714
1995-06-25,446.4286
1995-07-02,484.5714
1995-07-09,389.7143
1995-07-16,269
1995-07-23,252.5714
1995-07-30,213
1995-08-06,233.2857
1995-08-13,233.5714
1995-08-20,178.1429
1995-08-27,147.5714
1995-09-03,138.2857
1995-09-10,154
1995-09-17,125.8571
1995-09-24,101.5714
1995-10-01,93.01429
1995-10-08,83.61429
1995-10-15,94.17143
1995-10-22,78.94286
1995-10-29,73.1
1995-11-05,47.25714
1995-11-12,29.90171
1995-11-19,47.67143
1995-11-26,30.27143
1995-12-03,33.88571
1995-12-10,9.841429
1995-12-17,38
1995-12-24,32.375
1996-01-01,64.70249
1996-01-08,27.82516
1996-01-15,20.47583
1996-01-22,11.24098
1996-01-29,18.23768
1996-02-05,33.04769
1996-02-12,48.24302
1996-02-19,58.91289
1996-02-26,42.0612
1996-03-04,29.60419
1996-03-11,96.91416
1996-03-18,139.0024
1996-03-25,55.74828
1996-04-01,58.1889
1996-04-08,177.0407
1996-04-15,112.8504
1996-04-22,67.9215
1996-04-29,59.52834
1996-05-06,73.6568
1996-05-13,112.6209
1996-05-20,162.1593
1996-05-27,270.7744
1996-06-03,397.2183
1996-06-10,520.5799
1996-06-17,417.1791
1996-06-24,367.2371
1996-07-01,409.5867
1996-07-08,367.3285
1996-07-15,333.5622
1996-07-22,267.822
1996-07-29,226.6573
1996-08-05,206.1412
1996-08-12,151.3739
1996-08-19,132.6915
1996-08-26,103.305
1996-09-02,107.807
1996-09-09,94.32843
1996-09-16,92.35576
1996-09-23,92.42042
1996-09-30,99.49757
1996-10-07,94.29906
1996-10-14,88.05112
1996-10-21,73.65727
1996-10-28,63.58135
1996-11-04,60.10085
1996-11-11,44.84024
1996-11-18,22.56499
1996-11-25,13.24321
1996-12-02,32.06444
1996-12-09,36.43623
1996-12-16,31.92367
1996-12-23,17.60544
1997-01-01,26.3732
1997-01-08,29.06572
1997-01-15,20.84532
1997-01-22,24.11252
1997-01-29,29.2987
1997-02-05,37.72164
1997-02-12,39.95702
1997-02-19,43.20192
1997-02-26,39.39544
1997-03-05,32.5523
1997-03-12,36.06048
1997-03-19,188.1852
1997-03-26,204.7693
1997-04-02,95.5222
1997-04-09,52.59082
1997-04-16,54.41204
1997-04-23,55.72272
1997-04-30,38.59832
1997-05-07,46.76544
1997-05-14,94.83556
1997-05-21,215.9186
1997-05-28,411.5692
1997-06-04,481.6585
1997-06-11,473.129
1997-06-18,377.7611
1997-06-25,241.9716
1997-07-02,208.847
1997-07-09,232.2962
1997-07-16,200.705
1997-07-23,182.6617
1997-07-30,156.1688
1997-08-06,163.3102
1997-08-13,150.3138
1997-08-20,168.4886
1997-08-27,121.3914
1997-09-03,104.6018
1997-09-10,104.7832
1997-09-17,118.207
1997-09-24,102.8234
1997-10-01,91.8977
1997-10-08,93.14297
1997-10-15,93.08648
1997-10-22,74.7998
1997-10-29,77.92778
1997-11-05,61.71185
1997-11-12,44.35171
1997-11-19,47.90655
1997-11-26,39.03246
1997-12-03,19.50064
1997-12-10,28.80481
1997-12-17,29.3934
1997-12-24,22.12719
1998-01-01,15.53258
1998-01-08,2.451444
1998-01-15,19.01561
1998-01-22,34.09434
1998-01-29,37.6632
1998-02-05,36.09368
1998-02-12,38.95926
1998-02-19,32.93834
1998-02-26,30.08081
1998-03-05,26.75482
1998-03-12,28.58366
1998-03-19,42.36376
1998-03-26,41.54526
1998-04-02,75.64746
1998-04-09,86.20601
1998-04-16,40.54997
1998-04-23,53.64778
1998-04-30,79.21267
1998-05-07,159.1352
1998-05-14,198.5016
1998-05-21,308.0714
1998-05-28,532.924
1998-06-04,375.772
1998-06-11,339.3722
1998-06-18,623.3
1998-06-25,423.3615
1998-07-02,512.7084
1998-07-09,378.1314
1998-07-16,240.4754
1998-07-23,185.4287
1998-07-30,197.6311
1998-08-06,180.6451
1998-08-13,135.5814
1998-08-20,124.6131
1998-08-27,97.24078
1998-09-03,94.76918
1998-09-10,91.69661
1998-09-17,85.4322
1998-09-24,77.78944
1998-10-01,70.2211
1998-10-08,55.61991
1998-10-15,58.26496
1998-10-22,76.81014
1998-10-29,57.81522
1998-11-05,48.11952
1998-11-12,42.61189
1998-11-19,46.7505
1998-11-26,37.53857
1998-12-03,34.38515
1998-12-10,35.60966
1998-12-17,20.6686
1998-12-24,15.56486
1999-01-01,19.55714
1999-01-08,27.72597
1999-01-15,34.86422
1999-01-22,28.65588
1999-01-29,26.82074
1999-02-05,30.39434
1999-02-12,29.82273
1999-02-19,29.804
1999-02-26,27.97185
1999-03-05,34.56045
1999-03-12,46.52663
1999-03-19,49.64484
1999-03-26,43.16976
1999-04-02,25.30956
1999-04-09,14.0787
1999-04-16,24.34641
1999-04-23,44.91056
1999-04-30,65.63758
1999-05-07,49.18474
1999-05-14,66.00198
1999-05-21,71.7814
1999-05-28,190.4739
1999-06-04,233.2314
1999-06-11,171.4014
1999-06-18,356.749
1999-06-25,310.8055
1999-07-02,339.969
1999-07-09,378.9381
1999-07-16,443.4441
1999-07-23,318.5447
1999-07-30,235.7723
1999-08-06,248.9312
1999-08-13,317.5911
1999-08-20,209.5257
1999-08-27,170.2323
1999-09-03,147.0266
1999-09-10,120.8119
1999-09-17,99.12902
1999-09-24,92.16264
1999-10-01,84.50078
1999-10-08,67.03054
1999-10-15,94.64293
1999-10-22,71.04498
1999-10-29,61.11592
1999-11-05,63.46833
1999-11-12,75.10159
1999-11-19,97.09441
1999-11-26,51.92304
1999-12-03,46.01974
1999-12-10,31.696
1999-12-17,25.64516
1999-12-24,35.31163
2000-01-01,25.95644
2000-01-08,39.28215
2000-01-15,24.27771
2000-01-22,30.69925
2000-01-29,39.55182
2000-02-05,38.09643
2000-02-12,25.8361
2000-02-19,35.40097
2000-02-26,41.34245
2000-03-04,43.649
2000-03-11,38.40988
2000-03-18,42.73408
2000-03-25,53.3794
2000-04-01,67.2454
2000-04-08,46.06009
2000-04-15,50.43764
2000-04-22,59.01083
2000-04-29,64.85256
2000-05-06,67.42598
2000-05-13,69.28491
2000-05-20,92.5449
2000-05-27,130.6242
2000-06-03,147.6893
2000-06-10,278.2536
2000-06-17,227.8024
2000-06-24,247.6539
2000-07-01,297.7648
2000-07-08,231.7658
2000-07-15,240.6417
2000-07-22,223.8353
2000-07-29,197.5868
2000-08-05,188.0619
2000-08-12,163.365
2000-08-19,112.5513
2000-08-26,91.54424
2000-09-02,112.1678
2000-09-09,89.28451
2000-09-16,85.15734
2000-09-23,86.65692
2000-09-30,76.16901
2000-10-07,66.59737
2000-10-14,81.66719
2000-10-21,59.08551
2000-10-28,56.36035
2000-11-04,40.63597
2000-11-11,23.19862
2000-11-18,36.54707
2000-11-25,34.17263
2000-12-02,30.63904
2000-12-09,6.148383
2000-12-16,5.885722
2000-12-23,20.48099
2001-01-01,22.7061
2001-01-08,22.97905
2001-01-15,22.19684
2001-01-22,24.53567
2001-01-29,23.87617
2001-02-05,19.19678
2001-02-12,12.01496
2001-02-19,15.87793
2001-02-26,21.25808
2001-03-05,34.30084
2001-03-12,48.09369
2001-03-19,41.18896
2001-03-26,27.99304
2001-04-02,27.41106
2001-04-09,33.92013
2001-04-16,35.90955
2001-04-23,57.7632
2001-04-30,92.66973
2001-05-07,68.33505
2001-05-14,79.03624
2001-05-21,99.15839
2001-05-28,269.192
2001-06-04,330.9369
2001-06-11,238.9739
2001-06-18,222.1846
2001-06-25,233.3578
2001-07-02,214.091
2001-07-09,185.0158
2001-07-16,159.4371
2001-07-23,130.3189
2001-07-30,121.7084
2001-08-06,108.4631
2001-08-13,98.94996
2001-08-20,90.58992
2001-08-27,78.26192
2001-09-03,70.77213
2001-09-10,61.69159
2001-09-17,55.74726
2001-09-24,56.38677
2001-10-01,50.70671
2001-10-08,44.20684
2001-10-15,41.38895
2001-10-22,40.20565
2001-10-29,35.02787
2001-11-05,20.92272
2001-11-12,14.31774
2001-11-19,14.71516
2001-11-26,23.27529
2001-12-03,13.95979
2001-12-10,19.44289
2001-12-17,20.77349
2001-12-24,13.91205
2002-01-01,17.979
2002-01-08,31.08
2002-01-15,27.861
2002-01-22,20.027
2002-01-29,16.61
2002-02-05,25.782
2002-02-12,32.627
2002-02-19,35.478
2002-02-26,23.725
2002-03-05,16.033
2002-03-12,13.605
2002-03-19,13.892
2002-03-26,29.244
2002-04-02,30.536
2002-04-09,44.571
2002-04-16,54.094
2002-04-23,35.725
2002-04-30,37.002
2002-05-07,47.553
2002-05-14,54.553
2002-05-21,129.049
2002-05-28,281.254
2002-06-04,401.402
2002-06-11,590.889
2002-06-18,695.296
2002-06-25,638.215
2002-07-02,391.104
2002-07-09,307.863
2002-07-16,303.546
2002-07-23,205.227
2002-07-30,177.338
2002-08-06,153.18
2002-08-13,127.611
2002-08-20,131.406
2002-08-27,114.415
2002-09-03,133.496
2002-09-10,115.285
2002-09-17,80.061
2002-09-24,80.792
2002-10-01,94.523
2002-10-08,82.984
2002-10-15,86.246
2002-10-22,71.39
2002-10-29,40.572
2002-11-05,43.837
2002-11-12,50.145
2002-11-19,49.102
2002-11-26,43.932
2002-12-03,16.527
2002-12-10,38.709
2002-12-17,21.978
2002-12-24,18.655
2003-01-01,35.669
2003-01-08,25.592
2003-01-15,7.336
2003-01-22,11.832
2003-01-29,22.149
2003-02-05,29.188
2003-02-12,25.445
2003-02-19,20.033
2003-02-26,19.859
2003-03-05,22.479
2003-03-12,59.661
2003-03-19,159.975
2003-03-26,79.859
2003-04-02,51.901
2003-04-09,48.291
2003-04-16,60.964
2003-04-23,96.321
2003-04-30,150.127
2003-05-07,117.24
2003-05-14,115.652
2003-05-21,100.54
2003-05-28,398.707
2003-06-04,357.171
2003-06-11,379.459
2003-06-18,344.161
2003-06-25,293.606
2003-07-02,230.823
2003-07-09,194.406
2003-07-16,181.206
2003-07-23,159.318
2003-07-30,138.594
2003-08-06,134.56
2003-08-13,117.035
2003-08-20,106.431
2003-08-27,96.654
2003-09-03,87.837
2003-09-10,88.443
2003-09-17,85.535
2003-09-24,76.344
2003-10-01,70.348
2003-10-08,61.114
2003-10-15,62.606
2003-10-22,116.156
2003-10-29,129.245
2003-11-05,65.209
2003-11-12,61.139
2003-11-19,51.731
2003-11-26,42.414
2003-12-03,42.065
2003-12-10,27.487
2003-12-17,31.186
2003-12-24,29.115
2004-01-01,13.208
2004-01-08,11.186
2004-01-15,29.311
2004-01-22,33.177
2004-01-29,5.268
2004-02-05,21.714
2004-02-12,27.29
2004-02-19,34.905
2004-02-26,40.076
2004-03-05,32.235
2004-03-12,51.588
2004-03-19,87.975
2004-03-26,66.69
2004-04-02,53.919
2004-04-09,54.098
2004-04-16,59.289
2004-04-23,42.381
2004-04-30,44.48
2004-05-07,86.874
2004-05-14,110.386
2004-05-21,168.439
2004-05-28,182.193
2004-06-04,232.631
2004-06-11,397.809
2004-06-18,294.767
2004-06-25,343.809
2004-07-02,385.9
2004-07-09,315.349
2004-07-16,224.985
2004-07-23,202.622
2004-07-30,165.957
2004-08-06,187.525
2004-08-13,174.147
2004-08-20,261.162
2004-08-27,317.53
2004-09-03,239.968
2004-09-10,202.694
2004-09-17,175.447
2004-09-24,138.061
2004-10-01,123.053
2004-10-08,115.995
2004-10-15,136.854
2004-10-22,106.023
2004-10-29,82.273
2004-11-05,80.463
2004-11-12,75.616
2004-11-19,63.458
2004-11-26,47.792
2004-12-03,37.106
2004-12-10,27.564
2004-12-17,40.989
2004-12-24,33.018
2005-01-01,22.213
2005-01-08,27.804
2005-01-15,37.025
2005-01-22,61.389
2005-01-29,76.194
2005-02-05,51.369
2005-02-12,47.628
2005-02-19,42.09
2005-02-26,49.162
2005-03-05,71.502
2005-03-12,70.882
2005-03-19,54.222
2005-03-26,58.118
2005-04-02,46.961
2005-04-09,44.51
2005-04-16,45.961
2005-04-23,46.475
2005-04-30,74.353
2005-05-07,79.861
2005-05-14,172.932
2005-05-21,219.148
2005-05-28,175.806
2005-06-04,773.325
2005-06-11,785.68
2005-06-18,1105.322
2005-06-25,773.188
2005-07-02,567.353
2005-07-09,355.242
2005-07-16,277.228
2005-07-23,242.124
2005-07-30,192.609
2005-08-06,170.168
2005-08-13,188.098
2005-08-20,208.19
2005-08-27,216.022
2005-09-03,150.733
2005-09-10,308.482
2005-09-17,255.951
2005-09-24,191.959
2005-10-01,205.673
2005-10-08,182.35
2005-10-15,150.757
2005-10-22,147.199
2005-10-29,134.163
2005-11-05,118.906
2005-11-12,99.292
2005-11-19,91.112
2005-11-26,84.687
2005-12-03,61.729
2005-12-10,59.599
2005-12-17,58.367
2005-12-24,80.866
2006-01-01,68.874
2006-01-08,58.541
2006-01-15,45.61
2006-01-22,38.426
2006-01-29,47
2006-02-05,47.08
2006-02-12,31.935
2006-02-19,20.031
2006-02-26,26.201
2006-03-05,37.81
2006-03-12,42.98
2006-03-19,46.132
2006-03-26,90.266
2006-04-02,107.743
2006-04-09,90.833
2006-04-16,59.29
2006-04-23,51.35
2006-04-30,61.164
2006-05-07,80.97
2006-05-14,92.201
2006-05-21,318.684
2006-05-28,283.383
2006-06-04,260.526
2006-06-11,399.633
2006-06-18,574.944
2006-06-25,291.081
2006-07-02,244.649
2006-07-09,221.234
2006-07-16,170.845
2006-07-23,143.143
2006-07-30,139.896
2006-08-06,111.75
2006-08-13,128.906
2006-08-20,110.717
2006-08-27,100.815
2006-09-03,100.926
2006-09-10,93.337
2006-09-17,127.344
2006-09-24,104.366
2006-10-01,108.343
2006-10-08,88.778
2006-10-15,93.084
2006-10-22,68.559
2006-10-29,56.82
2006-11-05,56.812
2006-11-12,56.315
2006-11-19,43.338
2006-11-26,37.971
2006-12-03,50.109
2006-12-10,56.359
2006-12-17,48.517
2006-12-24,31.437
2007-01-01,39.939
2007-01-08,35.958
2007-01-15,34.508
2007-01-22,40.719
2007-01-29,35.766
2007-02-05,28.64
2007-02-12,22.744
2007-02-19,40.574
2007-02-26,33.828
2007-03-05,37.964
2007-03-12,53.193
2007-03-19,67.423
2007-03-26,76.447
2007-04-02,54.07
2007-04-09,56.772
2007-04-16,74.771
2007-04-23,74.349
2007-04-30,94.173
2007-05-07,132.453
2007-05-14,175.457
2007-05-21,273.061
2007-05-28,260.679
2007-06-04,588.685
2007-06-11,464.666
2007-06-18,476.174
2007-06-25,400.022
2007-07-02,333.727
2007-07-09,305.655
2007-07-16,272.225
2007-07-23,233.126
2007-07-30,172.711
2007-08-06,140.37
2007-08-13,138.416
2007-08-20,114.72
2007-08-27,120.067
2007-09-03,110.999
2007-09-10,111.98
2007-09-17,96.222
2007-09-24,86.315
2007-10-01,90.829
2007-10-08,100.346
2007-10-15,77.368
2007-10-22,70.353
2007-10-29,69.956
2007-11-05,65.671
2007-11-12,62.899
2007-11-19,44.737
2007-11-26,29.072
2007-12-03,25.47
2007-12-10,34.336
2007-12-17,31.044
2007-12-24,28.182
2008-01-01,34.424
2008-01-08,32.102
2008-01-15,28.456
2008-01-22,21.733
2008-01-29,11.731
2008-02-05,23.978
2008-02-12,30.666
2008-02-19,38.914
2008-02-26,42.434
2008-03-05,41.688
2008-03-12,44.051
2008-03-19,52.557
2008-03-26,41.137
2008-04-02,45.936
2008-04-09,42.801
2008-04-16,32.229
2008-04-23,27.417
2008-04-30,40.861
2008-05-07,77.893
2008-05-14,126.711
2008-05-21,523.677
2008-05-28,599.045
2008-06-04,508.217
2008-06-11,680.95
2008-06-18,438.312
2008-06-25,392.899
2008-07-02,413.862
2008-07-09,297.91
2008-07-16,229.789
2008-07-23,222.873
2008-07-30,187.258
2008-08-06,149.414
2008-08-13,140.005
2008-08-20,145.607
2008-08-27,146.578
2008-09-03,147.404
2008-09-10,127.585
2008-09-17,126.715
2008-09-24,121.295
2008-10-01,105.204
2008-10-08,106.07
2008-10-15,84.467
2008-10-22,80.113
2008-10-29,68.182
2008-11-05,68.498
2008-11-12,62.48
2008-11-19,58.597
2008-11-26,43.501
2008-12-03,33.312
2008-12-10,25.975
2008-12-17,12.005
2008-12-24,31.802
2009-01-01,37.02
2009-01-08,39.353
2009-01-15,38.352
2009-01-22,31.093
2009-01-29,29.482
2009-02-05,37.066
2009-02-12,33.299
2009-02-19,30.397
2009-02-26,27.557
2009-03-05,39.653
2009-03-12,32.453
2009-03-19,44.819
2009-03-26,60.413
2009-04-02,67.374
2009-04-09,135.724
2009-04-16,75.026
2009-04-23,68.722
2009-04-30,44.448
2009-05-07,67.194
2009-05-14,88.991
2009-05-21,118.957
2009-05-28,182.874
2009-06-04,267.584
2009-06-11,221.717
2009-06-18,329.689
2009-06-25,246.049
2009-07-02,181.915
2009-07-09,222.256
2009-07-16,253.166
2009-07-23,168.463
2009-07-30,189.869
2009-08-06,225.139
2009-08-13,188.879
2009-08-20,157.548
2009-08-27,125.833
2009-09-03,110.958
2009-09-10,92.276
2009-09-17,79.875
2009-09-24,77.499
2009-10-01,68.401
2009-10-08,83.635
2009-10-15,65.091
2009-10-22,69.706
2009-10-29,63.63
2009-11-05,49.269
2009-11-12,36.682
2009-11-19,35.76
2009-11-26,32.575
2009-12-03,28.255
2009-12-10,21.886
2009-12-17,22.657
2009-12-24,27.366